matrix,N,nnz,B,rho,seed,motion,lane_order,key_impl,steps,dirty_cols,slice_nnz_mean,slice_nnz_first,slice_nnz_last,rows_per_block,rows_merged,merge_ratio,maxrelerr,delta_baseline_rebuilds,block_open_prepares,block_open_compiles,block_open_merged_prepares,delta_baseline_ms,delta_baseline_exec_ms,block_open_ms,block_open_exec_ms,block_open_merged_ms,block_open_merged_exec_ms,block_open_vs_delta_baseline,block_open_merged_vs_delta_baseline,hst_vs_delta_baseline,hst_vs_block_open,block_open_merged_vs_block_open
bcspwr10,5300,21842,8,0.0,17,drift,rotate,fast,400,256,1101,1101,1101,6298,3622,1.7388,2.0113041419642553e-16,1,1,190,1,0.007387,0.00349,0.056559,0.04605,0.059743,0.049666,0.1306,0.1236,0.1586,1.2145,0.9467
bcspwr10,5300,21842,8,0.0,18,drift,rotate,fast,400,256,1153,1153,1153,6544,3653,1.7914,2.7543140383968946e-16,1,1,113,1,0.007121,0.00338,0.06006,0.04985,0.062362,0.052771,0.1186,0.1142,0.1471,1.2403,0.9631
bcspwr10,5300,21842,8,0.0,19,drift,rotate,fast,400,256,1129,1129,1129,5871,3393,1.7303,2.3917413512454545e-16,1,1,92,1,0.007,0.003271,0.055591,0.045441,0.057679,0.047624,0.1259,0.1214,0.1543,1.2258,0.9638
bcspwr10,5300,21842,8,0.01,17,drift,rotate,fast,400,256,1130.0,1101,1138,6298,3622,1.7388,1.680529624484628e-16,403,397,70,397,0.109254,0.00681,0.081888,0.053346,0.718154,0.061707,1.3342,0.1521,0.9289,0.6962,0.114
bcspwr10,5300,21842,8,0.01,18,drift,rotate,fast,400,256,1166.1,1153,1205,6544,3653,1.7914,1.9968920458897528e-16,403,401,41,401,0.112341,0.0071,0.085605,0.056999,0.784181,0.059445,1.3123,0.1433,0.9278,0.707,0.1092
bcspwr10,5300,21842,8,0.01,19,drift,rotate,fast,400,256,1135.5,1129,1128,5871,3393,1.7303,1.9311060690057195e-16,403,399,40,399,0.109033,0.006736,0.082165,0.053758,0.696635,0.058108,1.327,0.1565,0.9348,0.7045,0.1179
bcspwr10,5300,21842,8,0.25,17,drift,rotate,fast,400,256,1234.0,1101,1258,6298,3622,1.7388,2.3639387285567285e-16,403,403,68,403,0.120013,0.007983,0.088054,0.058863,0.80986,0.060157,1.3629,0.1482,0.9291,0.6817,0.1087
bcspwr10,5300,21842,8,0.25,18,drift,rotate,fast,400,256,1290.1,1153,1309,6544,3653,1.7914,2.008471001747218e-16,403,403,2,403,0.123737,0.007942,0.087419,0.05896,0.820861,0.05929,1.4154,0.1507,0.9628,0.6802,0.1065
bcspwr10,5300,21842,8,0.25,19,drift,rotate,fast,400,256,1189.8,1129,1186,5871,3393,1.7303,2.3251858746242215e-16,403,403,1,403,0.116387,0.007581,0.0856,0.05718,0.777302,0.059382,1.3597,0.1497,0.9216,0.6778,0.1101
scircuit,170998,958936,8,0.0,17,drift,rotate,fast,400,256,2342,2342,2342,3376,1855,1.8199,4.2843442093031307e-16,1,1,76,1,0.019163,0.009906,0.072853,0.050684,0.050522,0.030895,0.263,0.3793,0.3056,1.1619,1.442
scircuit,170998,958936,8,0.0,18,drift,rotate,fast,400,256,1478,1478,1478,1869,774,2.4147,2.5198463996224793e-16,1,1,65,1,0.016253,0.007077,0.051676,0.030255,0.036634,0.017648,0.3145,0.4437,0.3695,1.1748,1.4106
scircuit,170998,958936,8,0.0,19,drift,rotate,fast,400,256,3140,3140,3140,6769,3169,2.136,1.577216667406184e-16,1,1,154,1,0.024583,0.014974,0.107628,0.084393,0.078744,0.05813,0.2284,0.3122,0.2623,1.1485,1.3668
scircuit,170998,958936,8,0.01,17,drift,rotate,fast,400,256,2536.4,2342,2400,3376,1855,1.8199,4.2843442093031307e-16,403,260,76,260,0.225217,0.014368,0.113413,0.070625,0.362936,0.043576,1.9858,0.6205,1.1848,0.5966,0.3125
scircuit,170998,958936,8,0.01,18,drift,rotate,fast,400,256,1450.2,1478,1454,1869,774,2.4147,2.7307996964648914e-16,403,161,37,161,0.150018,0.008336,0.073518,0.04055,0.133587,0.025869,2.0406,1.123,1.8309,0.8973,0.5503
scircuit,170998,958936,8,0.01,19,drift,rotate,fast,400,256,2982.5,3140,2914,6769,3169,2.136,2.3176568066012734e-16,403,337,99,337,0.253502,0.017492,0.132319,0.085533,0.700248,0.05937,1.9158,0.362,1.4867,0.776,0.189
scircuit,170998,958936,8,0.25,17,drift,rotate,fast,400,256,3349.8,2342,2837,3376,1855,1.8199,5.376366207778909e-16,403,403,1695,403,0.275884,0.019917,0.170312,0.104483,0.996454,0.07001,1.6199,0.2769,1.1405,0.7041,0.1709
scircuit,170998,958936,8,0.25,18,drift,rotate,fast,400,256,1639.4,1478,1639,1869,774,2.4147,2.4997349521231137e-16,403,403,260,403,0.164397,0.00984,0.099867,0.054172,0.42136,0.032599,1.6462,0.3902,1.1087,0.6735,0.237
scircuit,170998,958936,8,0.25,19,drift,rotate,fast,400,256,3090.2,3140,2705,6769,3169,2.136,2.221364805737231e-16,403,403,724,403,0.262386,0.017803,0.155086,0.097713,0.924518,0.062379,1.6919,0.2838,1.1642,0.6881,0.1677
ct20stif,52329,2600295,8,0.0,17,drift,rotate,fast,400,256,15163,15163,15163,5557,1371,4.0532,7.566626045264742e-16,1,1,52,1,0.02513,0.019793,0.067106,0.053347,0.056208,0.043137,0.3745,0.4471,0.4135,1.1041,1.1939
ct20stif,52329,2600295,8,0.0,18,drift,rotate,fast,400,256,10286,10286,10286,3050,708,4.3079,4.145027937964978e-16,1,1,39,1,0.018989,0.013544,0.045178,0.031157,0.037685,0.024717,0.4203,0.5039,0.4676,1.1125,1.1988
ct20stif,52329,2600295,8,0.0,19,drift,rotate,fast,400,256,12619,12619,12619,3944,1065,3.7033,6.374068419303422e-16,1,1,43,1,0.022192,0.016786,0.052433,0.038537,0.045166,0.032155,0.4232,0.4913,0.4485,1.0597,1.1609
ct20stif,52329,2600295,8,0.01,17,drift,rotate,fast,400,256,16169.1,15163,16919,5557,1371,4.0532,7.566626045264742e-16,403,170,62,170,0.828768,0.025764,0.122897,0.092037,0.823158,0.067413,6.7436,1.0068,6.5108,0.9655,0.1493
ct20stif,52329,2600295,8,0.01,18,drift,rotate,fast,400,256,10614.7,10286,10485,3050,708,4.3079,3.03624262174433e-16,403,58,21,58,0.524863,0.016046,0.07277,0.050427,0.153717,0.036948,7.2126,3.4145,8.1659,1.1322,0.4734
ct20stif,52329,2600295,8,0.01,19,drift,rotate,fast,400,256,12487.7,12619,11542,3944,1065,3.7033,6.374068419303422e-16,403,144,63,144,0.628213,0.020013,0.0956,0.067597,0.498214,0.051567,6.5713,1.2609,6.4162,0.9764,0.1919
ct20stif,52329,2600295,8,0.25,17,drift,rotate,fast,400,256,15611.2,15163,15716,5557,1371,4.0532,7.566626045264742e-16,403,403,861,403,0.802613,0.026599,0.16543,0.101213,2.152593,0.07302,4.8517,0.3729,4.2044,0.8666,0.0769
ct20stif,52329,2600295,8,0.25,18,drift,rotate,fast,400,256,12966.7,10286,12648,3050,708,4.3079,4.649830920127655e-16,403,403,284,403,0.645556,0.022984,0.114216,0.073457,1.316517,0.051598,5.6521,0.4904,4.709,0.8331,0.0868
ct20stif,52329,2600295,8,0.25,19,drift,rotate,fast,400,256,15043.7,12619,15901,3944,1065,3.7033,6.374068419303422e-16,403,403,184,403,0.767382,0.025013,0.131628,0.092644,1.88602,0.066479,5.8299,0.4069,4.6193,0.7923,0.0698
add32,4960,19848,8,0.0,17,drift,rotate,fast,400,256,1073,1073,1073,1185,595,1.9916,3.202833525042235e-16,1,1,54,1,0.006006,0.002801,0.023333,0.013915,0.019935,0.010991,0.2574,0.3013,0.3089,1.2,1.1705
add32,4960,19848,8,0.0,18,drift,rotate,fast,400,256,1081,1081,1081,1114,531,2.0979,3.2398121539099444e-16,1,1,53,1,0.005905,0.002684,0.022291,0.013107,0.019109,0.01042,0.2649,0.309,0.3076,1.1611,1.1665
add32,4960,19848,8,0.0,19,drift,rotate,fast,400,256,1040,1040,1040,864,390,2.2154,2.510467134857301e-16,1,1,43,1,0.005632,0.002508,0.019701,0.010561,0.017001,0.008329,0.2859,0.3313,0.3402,1.1902,1.1588
add32,4960,19848,8,0.01,17,drift,rotate,fast,400,256,1107.0,1073,1122,1185,595,1.9916,3.202833525042235e-16,403,48,8,48,0.094481,0.004953,0.03783,0.022088,0.044254,0.016899,2.4975,2.135,3.0209,1.2096,0.8548
add32,4960,19848,8,0.01,18,drift,rotate,fast,400,256,1117.1,1081,1154,1114,531,2.0979,2.5260459069298267e-16,403,55,16,55,0.095617,0.005089,0.037952,0.021548,0.046673,0.016847,2.5194,2.0487,3.0572,1.2135,0.8131
add32,4960,19848,8,0.01,19,drift,rotate,fast,400,256,1085.5,1040,1109,864,390,2.2154,1.8914480078541218e-16,403,30,11,30,0.092441,0.004586,0.03445,0.01911,0.033948,0.014486,2.6833,2.723,3.4169,1.2734,1.0148
add32,4960,19848,8,0.25,17,drift,rotate,fast,400,256,1169.9,1073,1160,1185,595,1.9916,3.4369662319230266e-16,403,401,60,401,0.100944,0.006446,0.055,0.029256,0.247325,0.023136,1.8353,0.4081,1.3149,0.7165,0.2224
add32,4960,19848,8,0.25,18,drift,rotate,fast,400,256,1180.1,1081,1204,1114,531,2.0979,2.2643888610956806e-16,403,398,50,398,0.100227,0.006495,0.054758,0.029625,0.264304,0.024181,1.8304,0.3792,1.3116,0.7166,0.2072
add32,4960,19848,8,0.25,19,drift,rotate,fast,400,256,1154.6,1040,1196,864,390,2.2154,2.4160345755979353e-16,403,388,33,388,0.097188,0.006063,0.049988,0.025738,0.198239,0.020598,1.9442,0.4903,1.3907,0.7153,0.2522
TSOPF_RS_b39_c30,60098,1079986,8,0.0,17,drift,rotate,fast,400,256,305958,305958,305958,62106,30502,2.0361,3.4799005362835824e-16,1,1,35,1,0.418095,0.410954,0.471123,0.454112,0.438434,0.423362,0.8874,0.9536,0.9657,1.0881,1.0746
TSOPF_RS_b39_c30,60098,1079986,8,0.0,18,drift,rotate,fast,400,256,305958,305958,305958,62106,30502,2.0361,1.9892750543703998e-16,1,1,22,1,0.378462,0.371323,0.468684,0.451861,0.435922,0.420951,0.8075,0.8682,0.8909,1.1033,1.0752
TSOPF_RS_b39_c30,60098,1079986,8,0.0,19,drift,rotate,fast,400,256,305958,305958,305958,62028,30494,2.0341,3.372190252722962e-16,1,1,20,1,0.417607,0.410355,0.469269,0.45221,0.435435,0.420517,0.8899,0.9591,0.9758,1.0965,1.0777
TSOPF_RS_b39_c30,60098,1079986,8,0.01,17,drift,rotate,fast,400,256,303321.3,305958,304666,62106,30502,2.0361,3.6133982397760654e-16,403,65,24,65,14.839209,0.402093,0.483073,0.434104,3.811313,0.362055,30.7184,3.8935,30.186,0.9827,0.1267
TSOPF_RS_b39_c30,60098,1079986,8,0.01,18,drift,rotate,fast,400,256,303287.8,305958,303552,62106,30502,2.0361,3.262324758368774e-16,403,63,22,63,14.796685,0.401404,0.480689,0.432552,3.609715,0.361957,30.7822,4.0991,30.7192,0.998,0.1332
TSOPF_RS_b39_c30,60098,1079986,8,0.01,19,drift,rotate,fast,400,256,301993.4,305958,303863,62028,30494,2.0341,3.1758579755019686e-16,403,49,20,49,14.747449,0.398373,0.48129,0.434249,2.767265,0.360319,30.6415,5.3293,30.8915,1.0082,0.1739
TSOPF_RS_b39_c30,60098,1079986,8,0.25,17,drift,rotate,fast,400,256,305297.7,305958,306351,62106,30502,2.0361,3.4799005362835824e-16,403,341,55,341,14.944142,0.405082,0.498504,0.437705,23.277868,0.371289,29.978,0.642,26.0692,0.8696,0.0214
TSOPF_RS_b39_c30,60098,1079986,8,0.25,18,drift,rotate,fast,400,256,304833.6,305958,307008,62106,30502,2.0361,1.979365084008007e-16,403,397,78,397,14.912347,0.405557,0.503123,0.439754,27.627546,0.3738,29.6396,0.5398,24.6107,0.8303,0.0182
TSOPF_RS_b39_c30,60098,1079986,8,0.25,19,drift,rotate,fast,400,256,305693.5,305958,306282,62028,30494,2.0341,3.1758579755019686e-16,403,180,26,180,14.906438,0.40262,0.484599,0.431483,10.39343,0.36239,30.7604,1.4342,29.6611,0.9643,0.0466
