rows_per_block,rows_merged,merge,matrix,rho,seed,motion,steps
62106,30502,2.036128778440758,TSOPF_RS_b39_c30,0.0,17,drift,400
62106,30502,2.036128778440758,TSOPF_RS_b39_c30,0.0,18,drift,400
62028,30494,2.0341050698498067,TSOPF_RS_b39_c30,0.0,19,drift,400
62106,30502,2.036128778440758,TSOPF_RS_b39_c30,0.0,20,drift,400
61516,30428,2.0216905481793086,TSOPF_RS_b39_c30,0.0,21,drift,400
62240,30508,2.040120624098597,TSOPF_RS_b39_c30,0.002,17,drift,400
62548,30566,2.0463259831184977,TSOPF_RS_b39_c30,0.002,18,drift,400
62318,30508,2.042677330536253,TSOPF_RS_b39_c30,0.002,19,drift,400
62218,30506,2.0395332065823117,TSOPF_RS_b39_c30,0.002,20,drift,400
61516,30428,2.0216905481793086,TSOPF_RS_b39_c30,0.002,21,drift,400
62836,30582,2.054672683277745,TSOPF_RS_b39_c30,0.01,17,drift,400
62860,30590,2.054919908466819,TSOPF_RS_b39_c30,0.01,18,drift,400
63120,30622,2.0612631441447324,TSOPF_RS_b39_c30,0.01,19,drift,400
63046,30614,2.0593845952832037,TSOPF_RS_b39_c30,0.01,20,drift,400
61516,30428,2.0216905481793086,TSOPF_RS_b39_c30,0.01,21,drift,400
63600,30718,2.0704472947457515,TSOPF_RS_b39_c30,0.05,17,drift,400
63444,30670,2.0686012389957615,TSOPF_RS_b39_c30,0.05,18,drift,400
63327,30652,2.0659989560224457,TSOPF_RS_b39_c30,0.05,19,drift,400
63218,30642,2.0631159845963056,TSOPF_RS_b39_c30,0.05,20,drift,400
61666,30444,2.0255551175929574,TSOPF_RS_b39_c30,0.05,21,drift,400
62256,30508,2.040645076701193,TSOPF_RS_b39_c30,0.25,17,drift,400
62854,30580,2.0553956834532374,TSOPF_RS_b39_c30,0.25,18,drift,400
62942,30582,2.0581387744424826,TSOPF_RS_b39_c30,0.25,19,drift,400
62641,30554,2.0501734633763173,TSOPF_RS_b39_c30,0.25,20,drift,400
62589,30614,2.0444567844776897,TSOPF_RS_b39_c30,0.25,21,drift,400
62106,30502,2.036128778440758,TSOPF_RS_b39_c30,0.0,17,jump,400
62106,30502,2.036128778440758,TSOPF_RS_b39_c30,0.0,18,jump,400
62028,30494,2.0341050698498067,TSOPF_RS_b39_c30,0.0,19,jump,400
62106,30502,2.036128778440758,TSOPF_RS_b39_c30,0.0,20,jump,400
61516,30428,2.0216905481793086,TSOPF_RS_b39_c30,0.0,21,jump,400
38990,33414,1.1668761596935415,TSOPF_RS_b39_c30,0.002,17,jump,400
68915,33442,2.060732013635548,TSOPF_RS_b39_c30,0.002,18,jump,400
68983,33460,2.061655708308428,TSOPF_RS_b39_c30,0.002,19,jump,400
68490,33402,2.050476019400036,TSOPF_RS_b39_c30,0.002,20,jump,400
61516,30428,2.0216905481793086,TSOPF_RS_b39_c30,0.002,21,jump,400
9901,9265,1.068645439827307,TSOPF_RS_b39_c30,0.01,17,jump,400
9295,8757,1.0614365650336874,TSOPF_RS_b39_c30,0.01,18,jump,400
9207,8473,1.086628112828986,TSOPF_RS_b39_c30,0.01,19,jump,400
39294,33784,1.1630949561922803,TSOPF_RS_b39_c30,0.01,20,jump,400
35408,32313,1.0957818834524804,TSOPF_RS_b39_c30,0.01,21,jump,400
9146,8648,1.0575855689176688,TSOPF_RS_b39_c30,0.05,17,jump,400
9342,8830,1.0579841449603624,TSOPF_RS_b39_c30,0.05,18,jump,400
9288,8798,1.0556944760172766,TSOPF_RS_b39_c30,0.05,19,jump,400
9336,8700,1.0731034482758621,TSOPF_RS_b39_c30,0.05,20,jump,400
5208,4952,1.0516962843295639,TSOPF_RS_b39_c30,0.05,21,jump,400
9070,8742,1.037520018302448,TSOPF_RS_b39_c30,0.25,17,jump,400
9408,8844,1.0637720488466758,TSOPF_RS_b39_c30,0.25,18,jump,400
9300,8744,1.0635864592863677,TSOPF_RS_b39_c30,0.25,19,jump,400
9288,8652,1.073509015256588,TSOPF_RS_b39_c30,0.25,20,jump,400
4900,4746,1.0324483775811208,TSOPF_RS_b39_c30,0.25,21,jump,400
32124,7920,4.056060606060606,TSOPF_RS_b162_c3,0.0,17,drift,400
32190,7924,4.062342251388188,TSOPF_RS_b162_c3,0.0,18,drift,400
32181,7924,4.06120646138314,TSOPF_RS_b162_c3,0.0,19,drift,400
32124,7920,4.056060606060606,TSOPF_RS_b162_c3,0.0,20,drift,400
32275,7926,4.072041382790815,TSOPF_RS_b162_c3,0.0,21,drift,400
34160,8148,4.1924398625429555,TSOPF_RS_b162_c3,0.002,17,drift,400
33744,8127,4.1520856404577335,TSOPF_RS_b162_c3,0.002,18,drift,400
33849,8113,4.172192777024528,TSOPF_RS_b162_c3,0.002,19,drift,400
34090,8139,4.188475242658804,TSOPF_RS_b162_c3,0.002,20,drift,400
34490,8198,4.207123688704562,TSOPF_RS_b162_c3,0.002,21,drift,400
34030,8164,4.168299853013229,TSOPF_RS_b162_c3,0.01,17,drift,400
34125,8185,4.1692119731215636,TSOPF_RS_b162_c3,0.01,18,drift,400
34038,8169,4.166727873668748,TSOPF_RS_b162_c3,0.01,19,drift,400
33656,8160,4.124509803921568,TSOPF_RS_b162_c3,0.01,20,drift,400
34641,8231,4.208601627991738,TSOPF_RS_b162_c3,0.01,21,drift,400
34072,8181,4.164772032758831,TSOPF_RS_b162_c3,0.05,17,drift,400
33574,8121,4.134219923654722,TSOPF_RS_b162_c3,0.05,18,drift,400
34905,8296,4.2074493731919,TSOPF_RS_b162_c3,0.05,19,drift,400
34030,8147,4.176997667853198,TSOPF_RS_b162_c3,0.05,20,drift,400
34300,8212,4.176814417924988,TSOPF_RS_b162_c3,0.05,21,drift,400
9406,7874,1.1945643891287783,TSOPF_RS_b162_c3,0.25,17,drift,400
9406,7874,1.1945643891287783,TSOPF_RS_b162_c3,0.25,18,drift,400
9406,7874,1.1945643891287783,TSOPF_RS_b162_c3,0.25,19,drift,400
9406,7874,1.1945643891287783,TSOPF_RS_b162_c3,0.25,20,drift,400
33463,8075,4.144024767801858,TSOPF_RS_b162_c3,0.25,21,drift,400
32124,7920,4.056060606060606,TSOPF_RS_b162_c3,0.0,17,jump,400
32190,7924,4.062342251388188,TSOPF_RS_b162_c3,0.0,18,jump,400
32181,7924,4.06120646138314,TSOPF_RS_b162_c3,0.0,19,jump,400
32124,7920,4.056060606060606,TSOPF_RS_b162_c3,0.0,20,jump,400
32275,7926,4.072041382790815,TSOPF_RS_b162_c3,0.0,21,jump,400
41065,10424,3.939466615502686,TSOPF_RS_b162_c3,0.002,17,jump,400
41602,10579,3.9325077984686643,TSOPF_RS_b162_c3,0.002,18,jump,400
41290,10423,3.9614314496785954,TSOPF_RS_b162_c3,0.002,19,jump,400
33612,10401,3.23161234496683,TSOPF_RS_b162_c3,0.002,20,jump,400
41675,10514,3.963762602244626,TSOPF_RS_b162_c3,0.002,21,jump,400
13265,9097,1.4581730240738706,TSOPF_RS_b162_c3,0.01,17,jump,400
35212,10801,3.2600685121747985,TSOPF_RS_b162_c3,0.01,18,jump,400
12373,8455,1.4633944411590776,TSOPF_RS_b162_c3,0.01,19,jump,400
27265,10827,2.5182414334534036,TSOPF_RS_b162_c3,0.01,20,jump,400
12609,8725,1.4451575931232092,TSOPF_RS_b162_c3,0.01,21,jump,400
12494,8248,1.5147914645974783,TSOPF_RS_b162_c3,0.05,17,jump,400
13081,8713,1.5013198668656031,TSOPF_RS_b162_c3,0.05,18,jump,400
12851,8736,1.4710393772893773,TSOPF_RS_b162_c3,0.05,19,jump,400
12543,8774,1.4295646227490313,TSOPF_RS_b162_c3,0.05,20,jump,400
12419,8554,1.4518353986439092,TSOPF_RS_b162_c3,0.05,21,jump,400
19514,10833,1.8013477337764239,TSOPF_RS_b162_c3,0.25,17,jump,400
19808,10729,1.8462112032808278,TSOPF_RS_b162_c3,0.25,18,jump,400
19672,10659,1.8455765081152078,TSOPF_RS_b162_c3,0.25,19,jump,400
26987,10771,2.5055240924705227,TSOPF_RS_b162_c3,0.25,20,jump,400
12551,8620,1.456032482598608,TSOPF_RS_b162_c3,0.25,21,jump,400
65771,7435,8.846133154001345,TSOPF_RS_b300_c1,0.0,17,drift,400
65771,7435,8.846133154001345,TSOPF_RS_b300_c1,0.0,18,drift,400
65771,7435,8.846133154001345,TSOPF_RS_b300_c1,0.0,19,drift,400
65771,7435,8.846133154001345,TSOPF_RS_b300_c1,0.0,20,drift,400
66400,7314,9.078479628110474,TSOPF_RS_b300_c1,0.0,21,drift,400
63298,7970,7.942032622333752,TSOPF_RS_b300_c1,0.002,17,drift,400
71575,8006,8.940169872595554,TSOPF_RS_b300_c1,0.002,18,drift,400
71247,8070,8.828624535315985,TSOPF_RS_b300_c1,0.002,19,drift,400
70776,8044,8.79860765788165,TSOPF_RS_b300_c1,0.002,20,drift,400
71377,7986,8.937766090658652,TSOPF_RS_b300_c1,0.002,21,drift,400
60781,7863,7.730001271779219,TSOPF_RS_b300_c1,0.01,17,drift,400
45423,7741,5.867846531455884,TSOPF_RS_b300_c1,0.01,18,drift,400
46459,7818,5.942568431823996,TSOPF_RS_b300_c1,0.01,19,drift,400
45945,7839,5.861079219288174,TSOPF_RS_b300_c1,0.01,20,drift,400
67792,7958,8.518723297310881,TSOPF_RS_b300_c1,0.01,21,drift,400
3078,738,4.170731707317073,TSOPF_RS_b300_c1,0.05,17,drift,400
2901,713,4.068723702664797,TSOPF_RS_b300_c1,0.05,18,drift,400
3086,734,4.204359673024523,TSOPF_RS_b300_c1,0.05,19,drift,400
2749,694,3.9610951008645534,TSOPF_RS_b300_c1,0.05,20,drift,400
2876,729,3.945130315500686,TSOPF_RS_b300_c1,0.05,21,drift,400
2894,706,4.09915014164306,TSOPF_RS_b300_c1,0.25,17,drift,400
67854,7888,8.602180527383368,TSOPF_RS_b300_c1,0.25,18,drift,400
2970,718,4.1364902506963785,TSOPF_RS_b300_c1,0.25,19,drift,400
68632,7670,8.948109517601043,TSOPF_RS_b300_c1,0.25,20,drift,400
2959,730,4.053424657534246,TSOPF_RS_b300_c1,0.25,21,drift,400
65771,7435,8.846133154001345,TSOPF_RS_b300_c1,0.0,17,jump,400
65771,7435,8.846133154001345,TSOPF_RS_b300_c1,0.0,18,jump,400
65771,7435,8.846133154001345,TSOPF_RS_b300_c1,0.0,19,jump,400
65771,7435,8.846133154001345,TSOPF_RS_b300_c1,0.0,20,jump,400
66400,7314,9.078479628110474,TSOPF_RS_b300_c1,0.0,21,jump,400
82357,9916,8.305465913674869,TSOPF_RS_b300_c1,0.002,17,jump,400
82962,10137,8.18407812962415,TSOPF_RS_b300_c1,0.002,18,jump,400
82072,9924,8.270052398226522,TSOPF_RS_b300_c1,0.002,19,jump,400
75129,9911,7.580365250731511,TSOPF_RS_b300_c1,0.002,20,jump,400
71202,9866,7.216906547739712,TSOPF_RS_b300_c1,0.002,21,jump,400
43639,10331,4.224082857419417,TSOPF_RS_b300_c1,0.01,17,jump,400
43070,10360,4.1573359073359075,TSOPF_RS_b300_c1,0.01,18,jump,400
35146,10318,3.4062802868773017,TSOPF_RS_b300_c1,0.01,19,jump,400
36276,10326,3.5130737943056363,TSOPF_RS_b300_c1,0.01,20,jump,400
29324,10153,2.8882103811681277,TSOPF_RS_b300_c1,0.01,21,jump,400
28262,10176,2.7773191823899372,TSOPF_RS_b300_c1,0.05,17,jump,400
43968,10265,4.2832927423283005,TSOPF_RS_b300_c1,0.05,18,jump,400
42554,10218,4.164611469954981,TSOPF_RS_b300_c1,0.05,19,jump,400
22587,9777,2.3102178582387234,TSOPF_RS_b300_c1,0.05,20,jump,400
35184,10167,3.460607848922986,TSOPF_RS_b300_c1,0.05,21,jump,400
20979,9563,2.1937676461361497,TSOPF_RS_b300_c1,0.25,17,jump,400
22272,9786,2.2759043531575722,TSOPF_RS_b300_c1,0.25,18,jump,400
34809,10228,3.403304653891279,TSOPF_RS_b300_c1,0.25,19,jump,400
35363,10335,3.421673923560716,TSOPF_RS_b300_c1,0.25,20,jump,400
21700,9583,2.264426588750913,TSOPF_RS_b300_c1,0.25,21,jump,400
6219,1090,5.705504587155963,nasa2910,0.0,17,drift,400
4516,733,6.1609822646657575,nasa2910,0.0,18,drift,400
5243,775,6.765161290322581,nasa2910,0.0,19,drift,400
4516,733,6.1609822646657575,nasa2910,0.0,20,drift,400
5023,673,7.463595839524517,nasa2910,0.0,21,drift,400
10325,1762,5.859818388195233,nasa2910,0.002,17,drift,400
9636,1923,5.0109204368174725,nasa2910,0.002,18,drift,400
8512,1173,7.256606990622336,nasa2910,0.002,19,drift,400
7632,1570,4.861146496815286,nasa2910,0.002,20,drift,400
6055,700,8.65,nasa2910,0.002,21,drift,400
10370,1716,6.043123543123543,nasa2910,0.01,17,drift,400
10080,2018,4.995044598612488,nasa2910,0.01,18,drift,400
5496,960,5.725,nasa2910,0.01,19,drift,400
9672,2012,4.807157057654075,nasa2910,0.01,20,drift,400
5696,971,5.866117404737384,nasa2910,0.01,21,drift,400
6575,1020,6.446078431372549,nasa2910,0.05,17,drift,400
6584,1170,5.627350427350428,nasa2910,0.05,18,drift,400
6146,850,7.2305882352941175,nasa2910,0.05,19,drift,400
6738,1334,5.050974512743628,nasa2910,0.05,20,drift,400
8673,1321,6.56548069644209,nasa2910,0.05,21,drift,400
10498,1723,6.092861288450377,nasa2910,0.25,17,drift,400
9714,1493,6.506363027461487,nasa2910,0.25,18,drift,400
8994,1541,5.836469824789098,nasa2910,0.25,19,drift,400
9343,1560,5.989102564102564,nasa2910,0.25,20,drift,400
9487,1498,6.333110814419226,nasa2910,0.25,21,drift,400
6219,1090,5.705504587155963,nasa2910,0.0,17,jump,400
4516,733,6.1609822646657575,nasa2910,0.0,18,jump,400
5243,775,6.765161290322581,nasa2910,0.0,19,jump,400
4516,733,6.1609822646657575,nasa2910,0.0,20,jump,400
5023,673,7.463595839524517,nasa2910,0.0,21,jump,400
19559,2900,6.7444827586206895,nasa2910,0.002,17,jump,400
20121,2910,6.914432989690722,nasa2910,0.002,18,jump,400
18961,2899,6.540531217661263,nasa2910,0.002,19,jump,400
20779,2900,7.165172413793104,nasa2910,0.002,20,jump,400
20603,2903,7.09714088873579,nasa2910,0.002,21,jump,400
21634,2910,7.434364261168385,nasa2910,0.01,17,jump,400
20724,2909,7.124097628050877,nasa2910,0.01,18,jump,400
21452,2910,7.371821305841924,nasa2910,0.01,19,jump,400
20839,2910,7.161168384879725,nasa2910,0.01,20,jump,400
21814,2910,7.496219931271478,nasa2910,0.01,21,jump,400
21462,2903,7.393041681019635,nasa2910,0.05,17,jump,400
20157,2910,6.9268041237113405,nasa2910,0.05,18,jump,400
21648,2905,7.45197934595525,nasa2910,0.05,19,jump,400
21937,2905,7.551462994836489,nasa2910,0.05,20,jump,400
20895,2890,7.230103806228374,nasa2910,0.05,21,jump,400
21253,2875,7.392347826086956,nasa2910,0.25,17,jump,400
20923,2890,7.239792387543252,nasa2910,0.25,18,jump,400
22081,2910,7.587972508591065,nasa2910,0.25,19,jump,400
21091,2903,7.2652428522218395,nasa2910,0.25,20,jump,400
21715,2910,7.462199312714777,nasa2910,0.25,21,jump,400
2304,480,4.8,raefsky3,0.0,17,drift,400
2304,480,4.8,raefsky3,0.0,18,drift,400
2304,480,4.8,raefsky3,0.0,19,drift,400
2304,480,4.8,raefsky3,0.0,20,drift,400
2304,480,4.8,raefsky3,0.0,21,drift,400
4248,896,4.741071428571429,raefsky3,0.002,17,drift,400
4728,968,4.884297520661157,raefsky3,0.002,18,drift,400
4824,1016,4.748031496062992,raefsky3,0.002,19,drift,400
4176,880,4.745454545454545,raefsky3,0.002,20,drift,400
4464,944,4.728813559322034,raefsky3,0.002,21,drift,400
5040,1040,4.846153846153846,raefsky3,0.01,17,drift,400
5616,1208,4.6490066225165565,raefsky3,0.01,18,drift,400
5040,1216,4.144736842105263,raefsky3,0.01,19,drift,400
5832,1392,4.189655172413793,raefsky3,0.01,20,drift,400
4968,1064,4.669172932330827,raefsky3,0.01,21,drift,400
5040,1256,4.012738853503185,raefsky3,0.05,17,drift,400
4752,1152,4.125,raefsky3,0.05,18,drift,400
4176,1072,3.8955223880597014,raefsky3,0.05,19,drift,400
5256,1424,3.691011235955056,raefsky3,0.05,20,drift,400
3824,1104,3.463768115942029,raefsky3,0.05,21,drift,400
3936,1024,3.84375,raefsky3,0.25,17,drift,400
3672,792,4.636363636363637,raefsky3,0.25,18,drift,400
3696,800,4.62,raefsky3,0.25,19,drift,400
4392,1096,4.007299270072993,raefsky3,0.25,20,drift,400
4104,952,4.310924369747899,raefsky3,0.25,21,drift,400
2304,480,4.8,raefsky3,0.0,17,jump,400
2304,480,4.8,raefsky3,0.0,18,jump,400
2304,480,4.8,raefsky3,0.0,19,jump,400
2304,480,4.8,raefsky3,0.0,20,jump,400
2304,480,4.8,raefsky3,0.0,21,jump,400
15792,10984,1.437727603787327,raefsky3,0.002,17,jump,400
15936,11192,1.4238741958541816,raefsky3,0.002,18,jump,400
16128,10912,1.4780058651026393,raefsky3,0.002,19,jump,400
15696,10984,1.4289876183539694,raefsky3,0.002,20,jump,400
16176,10704,1.5112107623318385,raefsky3,0.002,21,jump,400
17280,12280,1.4071661237785016,raefsky3,0.01,17,jump,400
16992,12024,1.4131736526946108,raefsky3,0.01,18,jump,400
17328,12080,1.4344370860927151,raefsky3,0.01,19,jump,400
17232,12112,1.4227212681638044,raefsky3,0.01,20,jump,400
17256,12056,1.4313205043132051,raefsky3,0.01,21,jump,400
17472,12000,1.456,raefsky3,0.05,17,jump,400
17472,12160,1.436842105263158,raefsky3,0.05,18,jump,400
17456,12584,1.3871582962492053,raefsky3,0.05,19,jump,400
17040,12320,1.3831168831168832,raefsky3,0.05,20,jump,400
17280,12344,1.3998703823720027,raefsky3,0.05,21,jump,400
17592,12648,1.3908918406072106,raefsky3,0.25,17,jump,400
17280,12184,1.418253447143795,raefsky3,0.25,18,jump,400
17016,12192,1.3956692913385826,raefsky3,0.25,19,jump,400
17184,12264,1.401174168297456,raefsky3,0.25,20,jump,400
17136,12408,1.381044487427466,raefsky3,0.25,21,jump,400
12106,7516,1.6106971793507185,case9,0.0,17,drift,400
13766,8024,1.715603190428714,case9,0.0,18,drift,400
12169,7524,1.61735778841042,case9,0.0,19,drift,400
13839,8018,1.7259915190820654,case9,0.0,20,drift,400
13636,7973,1.7102721685689202,case9,0.0,21,drift,400
13289,7769,1.7105161539451668,case9,0.002,17,drift,400
15313,8332,1.8378540566490638,case9,0.002,18,drift,400
13254,7734,1.7137315748642359,case9,0.002,19,drift,400
14783,8244,1.7931829209121786,case9,0.002,20,drift,400
14900,8260,1.8038740920096852,case9,0.002,21,drift,400
13317,7707,1.7279096924873492,case9,0.01,17,drift,400
14070,7972,1.7649272453587557,case9,0.01,18,drift,400
13544,7739,1.7500969117457035,case9,0.01,19,drift,400
14211,7992,1.7781531531531531,case9,0.01,20,drift,400
13795,7842,1.759117572047947,case9,0.01,21,drift,400
13195,7676,1.7189942678478374,case9,0.05,17,drift,400
13255,7685,1.7247885491216657,case9,0.05,18,drift,400
13362,7701,1.7350993377483444,case9,0.05,19,drift,400
13343,7693,1.7344339009489147,case9,0.05,20,drift,400
13329,7682,1.735095027336631,case9,0.05,21,drift,400
12903,7596,1.698657187993681,case9,0.25,17,drift,400
13148,7687,1.7104201899310525,case9,0.25,18,drift,400
13418,7687,1.7455444256537012,case9,0.25,19,drift,400
13225,7642,1.7305679141585972,case9,0.25,20,drift,400
13179,7668,1.7187010954616588,case9,0.25,21,drift,400
12106,7516,1.6106971793507185,case9,0.0,17,jump,400
13766,8024,1.715603190428714,case9,0.0,18,jump,400
12169,7524,1.61735778841042,case9,0.0,19,jump,400
13839,8018,1.7259915190820654,case9,0.0,20,jump,400
13636,7973,1.7102721685689202,case9,0.0,21,jump,400
17065,9261,1.842673577367455,case9,0.002,17,jump,400
6729,5049,1.332739156268568,case9,0.002,18,jump,400
13411,9304,1.4414230438521065,case9,0.002,19,jump,400
6750,5044,1.338223632038065,case9,0.002,20,jump,400
6605,4834,1.366363260239967,case9,0.002,21,jump,400
6655,5083,1.3092661813889435,case9,0.01,17,jump,400
14121,9611,1.4692539798147954,case9,0.01,18,jump,400
13916,9516,1.4623791509037412,case9,0.01,19,jump,400
6638,5159,1.2866834657879433,case9,0.01,20,jump,400
13889,9547,1.4548025557766837,case9,0.01,21,jump,400
6801,5284,1.2870931112793338,case9,0.05,17,jump,400
6536,4941,1.32280914794576,case9,0.05,18,jump,400
6934,5391,1.286217770358004,case9,0.05,19,jump,400
6539,5040,1.297420634920635,case9,0.05,20,jump,400
6637,5046,1.31529924692826,case9,0.05,21,jump,400
6653,5282,1.2595607724346838,case9,0.25,17,jump,400
6623,5231,1.2661059070923342,case9,0.25,18,jump,400
6532,5257,1.2425337645044703,case9,0.25,19,jump,400
6782,5186,1.3077516390281527,case9,0.25,20,jump,400
6594,5077,1.298798503052984,case9,0.25,21,jump,400
12327,3609,3.4156275976724855,msc10848,0.0,17,drift,400
10407,2700,3.8544444444444443,msc10848,0.0,18,drift,400
12117,3738,3.241573033707865,msc10848,0.0,19,drift,400
11886,3195,3.72018779342723,msc10848,0.0,20,drift,400
12993,4146,3.133863965267728,msc10848,0.0,21,drift,400
19230,5952,3.2308467741935485,msc10848,0.002,17,drift,400
17322,4680,3.7012820512820515,msc10848,0.002,18,drift,400
17775,5289,3.3607487237663074,msc10848,0.002,19,drift,400
17550,5154,3.4051222351571595,msc10848,0.002,20,drift,400
17094,5421,3.1532927504150527,msc10848,0.002,21,drift,400
18114,6171,2.935342732134176,msc10848,0.01,17,drift,400
15309,5064,3.0231042654028437,msc10848,0.01,18,drift,400
15960,5283,3.0210107893242477,msc10848,0.01,19,drift,400
18174,5529,3.2870320130222463,msc10848,0.01,20,drift,400
15255,5013,3.043087971274686,msc10848,0.01,21,drift,400
17073,5166,3.3048780487804876,msc10848,0.05,17,drift,400
14919,4212,3.542022792022792,msc10848,0.05,18,drift,400
14142,3315,4.2660633484162895,msc10848,0.05,19,drift,400
17547,5205,3.3711815561959653,msc10848,0.05,20,drift,400
16200,4881,3.31899200983405,msc10848,0.05,21,drift,400
20601,5994,3.436936936936937,msc10848,0.25,17,drift,400
14541,3633,4.002477291494633,msc10848,0.25,18,drift,400
20997,5202,4.036332179930795,msc10848,0.25,19,drift,400
16221,3933,4.124332570556827,msc10848,0.25,20,drift,400
19395,5187,3.7391555812608446,msc10848,0.25,21,drift,400
12327,3609,3.4156275976724855,msc10848,0.0,17,jump,400
10407,2700,3.8544444444444443,msc10848,0.0,18,jump,400
12117,3738,3.241573033707865,msc10848,0.0,19,jump,400
11886,3195,3.72018779342723,msc10848,0.0,20,jump,400
12993,4146,3.133863965267728,msc10848,0.0,21,jump,400
45615,10407,4.38310752378207,msc10848,0.002,17,jump,400
46422,10410,4.459365994236311,msc10848,0.002,18,jump,400
44502,10356,4.297219003476246,msc10848,0.002,19,jump,400
43236,10437,4.142569703937913,msc10848,0.002,20,jump,400
43185,10296,4.19434731934732,msc10848,0.002,21,jump,400
46248,10569,4.375816065852966,msc10848,0.01,17,jump,400
47463,10638,4.461646926113931,msc10848,0.01,18,jump,400
44703,10599,4.2176620435890175,msc10848,0.01,19,jump,400
45510,10608,4.290158371040724,msc10848,0.01,20,jump,400
47760,10623,4.495905111550409,msc10848,0.01,21,jump,400
46203,10644,4.340755355129651,msc10848,0.05,17,jump,400
48168,10503,4.586118251928021,msc10848,0.05,18,jump,400
44757,10641,4.20608965322808,msc10848,0.05,19,jump,400
46623,10536,4.425113895216401,msc10848,0.05,20,jump,400
45909,10536,4.357346241457859,msc10848,0.05,21,jump,400
47163,10527,4.4801937874038185,msc10848,0.25,17,jump,400
44751,10464,4.276662844036697,msc10848,0.25,18,jump,400
44967,10542,4.265509391007399,msc10848,0.25,19,jump,400
46449,10662,4.3564997186269,msc10848,0.25,20,jump,400
45771,10527,4.347962382445141,msc10848,0.25,21,jump,400
5557,1371,4.053245805981036,ct20stif,0.0,17,drift,400
3050,708,4.307909604519774,ct20stif,0.0,18,drift,400
3944,1065,3.7032863849765256,ct20stif,0.0,19,drift,400
4142,1140,3.6333333333333333,ct20stif,0.0,20,drift,400
4613,1421,3.2463054187192117,ct20stif,0.0,21,drift,400
9347,2424,3.856023102310231,ct20stif,0.002,17,drift,400
3901,879,4.437997724687144,ct20stif,0.002,18,drift,400
6738,1705,3.9519061583577715,ct20stif,0.002,19,drift,400
6645,1616,4.1120049504950495,ct20stif,0.002,20,drift,400
6526,2067,3.157232704402516,ct20stif,0.002,21,drift,400
8553,2718,3.1467991169977925,ct20stif,0.01,17,drift,400
4769,1059,4.503305004721435,ct20stif,0.01,18,drift,400
6948,1758,3.95221843003413,ct20stif,0.01,19,drift,400
6774,2043,3.315712187958884,ct20stif,0.01,20,drift,400
6977,2483,2.809907370116794,ct20stif,0.01,21,drift,400
7193,2138,3.3643592142188963,ct20stif,0.05,17,drift,400
4872,930,5.2387096774193544,ct20stif,0.05,18,drift,400
6206,1668,3.7206235011990407,ct20stif,0.05,19,drift,400
10835,3629,2.985670983742078,ct20stif,0.05,20,drift,400
6207,2249,2.7598932859048464,ct20stif,0.05,21,drift,400
8030,1996,4.0230460921843685,ct20stif,0.25,17,drift,400
6386,1674,3.814814814814815,ct20stif,0.25,18,drift,400
8252,2365,3.489217758985201,ct20stif,0.25,19,drift,400
8353,2231,3.744060959211116,ct20stif,0.25,20,drift,400
8750,2832,3.089689265536723,ct20stif,0.25,21,drift,400
5557,1371,4.053245805981036,ct20stif,0.0,17,jump,400
3050,708,4.307909604519774,ct20stif,0.0,18,jump,400
3944,1065,3.7032863849765256,ct20stif,0.0,19,jump,400
4142,1140,3.6333333333333333,ct20stif,0.0,20,jump,400
4613,1421,3.2463054187192117,ct20stif,0.0,21,jump,400
20007,15163,1.3194618479192772,ct20stif,0.002,17,jump,400
19431,14937,1.3008636272343843,ct20stif,0.002,18,jump,400
19924,15097,1.3197323971649997,ct20stif,0.002,19,jump,400
20431,15575,1.3117817014446227,ct20stif,0.002,20,jump,400
20072,15201,1.3204394447733703,ct20stif,0.002,21,jump,400
22229,18326,1.2129760995307213,ct20stif,0.01,17,jump,400
22127,18373,1.204321558809122,ct20stif,0.01,18,jump,400
22264,17893,1.2442854747666685,ct20stif,0.01,19,jump,400
22563,17722,1.2731632998532898,ct20stif,0.01,20,jump,400
22205,18106,1.2263890423064177,ct20stif,0.01,21,jump,400
22524,17820,1.263973063973064,ct20stif,0.05,17,jump,400
22063,17708,1.2459340411113622,ct20stif,0.05,18,jump,400
23146,18635,1.2420713710759324,ct20stif,0.05,19,jump,400
21816,17838,1.2230070635721493,ct20stif,0.05,20,jump,400
21959,18174,1.208264553758116,ct20stif,0.05,21,jump,400
22343,18329,1.2189972175241421,ct20stif,0.25,17,jump,400
21547,17613,1.2233577471186057,ct20stif,0.25,18,jump,400
21962,17849,1.2304330774833323,ct20stif,0.25,19,jump,400
21811,17941,1.2157070397413745,ct20stif,0.25,20,jump,400
21144,17291,1.2228326875253022,ct20stif,0.25,21,jump,400
2699,674,4.0044510385756675,s3rmt3m3,0.0,17,drift,400
2457,597,4.115577889447236,s3rmt3m3,0.0,18,drift,400
2280,498,4.578313253012048,s3rmt3m3,0.0,19,drift,400
2568,612,4.196078431372549,s3rmt3m3,0.0,20,drift,400
2208,471,4.687898089171974,s3rmt3m3,0.0,21,drift,400
4211,1025,4.108292682926829,s3rmt3m3,0.002,17,drift,400
3159,786,4.019083969465649,s3rmt3m3,0.002,18,drift,400
4005,924,4.334415584415584,s3rmt3m3,0.002,19,drift,400
3000,717,4.184100418410042,s3rmt3m3,0.002,20,drift,400
2592,609,4.25615763546798,s3rmt3m3,0.002,21,drift,400
3876,1012,3.8300395256916997,s3rmt3m3,0.01,17,drift,400
3504,876,4.0,s3rmt3m3,0.01,18,drift,400
4902,1266,3.8720379146919433,s3rmt3m3,0.01,19,drift,400
3555,996,3.569277108433735,s3rmt3m3,0.01,20,drift,400
3045,684,4.451754385964913,s3rmt3m3,0.01,21,drift,400
4265,1279,3.334636434714621,s3rmt3m3,0.05,17,drift,400
3701,876,4.224885844748859,s3rmt3m3,0.05,18,drift,400
4758,1440,3.3041666666666667,s3rmt3m3,0.05,19,drift,400
3851,1008,3.820436507936508,s3rmt3m3,0.05,20,drift,400
3519,810,4.344444444444444,s3rmt3m3,0.05,21,drift,400
4362,1260,3.461904761904762,s3rmt3m3,0.25,17,drift,400
3387,924,3.6655844155844157,s3rmt3m3,0.25,18,drift,400
3936,1092,3.6043956043956045,s3rmt3m3,0.25,19,drift,400
3708,960,3.8625,s3rmt3m3,0.25,20,drift,400
4659,1419,3.2832980972515857,s3rmt3m3,0.25,21,drift,400
2699,674,4.0044510385756675,s3rmt3m3,0.0,17,jump,400
2457,597,4.115577889447236,s3rmt3m3,0.0,18,jump,400
2280,498,4.578313253012048,s3rmt3m3,0.0,19,jump,400
2568,612,4.196078431372549,s3rmt3m3,0.0,20,jump,400
2208,471,4.687898089171974,s3rmt3m3,0.0,21,jump,400
11541,4606,2.505644811115936,s3rmt3m3,0.002,17,jump,400
11541,4668,2.4723650385604112,s3rmt3m3,0.002,18,jump,400
11694,4834,2.4191146048820853,s3rmt3m3,0.002,19,jump,400
12496,4800,2.6033333333333335,s3rmt3m3,0.002,20,jump,400
11527,4724,2.4400931414055886,s3rmt3m3,0.002,21,jump,400
12274,5002,2.4538184726109558,s3rmt3m3,0.01,17,jump,400
12380,4907,2.522926431628286,s3rmt3m3,0.01,18,jump,400
12555,5012,2.5049880287310455,s3rmt3m3,0.01,19,jump,400
12512,4948,2.528698464025869,s3rmt3m3,0.01,20,jump,400
12621,4894,2.5788720882713525,s3rmt3m3,0.01,21,jump,400
12348,4873,2.533962651344141,s3rmt3m3,0.05,17,jump,400
12114,4994,2.425710853023628,s3rmt3m3,0.05,18,jump,400
12657,4912,2.5767508143322475,s3rmt3m3,0.05,19,jump,400
12080,4960,2.435483870967742,s3rmt3m3,0.05,20,jump,400
13070,5056,2.5850474683544302,s3rmt3m3,0.05,21,jump,400
12353,5005,2.4681318681318682,s3rmt3m3,0.25,17,jump,400
12207,4951,2.465562512623712,s3rmt3m3,0.25,18,jump,400
12581,4896,2.5696486928104574,s3rmt3m3,0.25,19,jump,400
12583,5000,2.5166,s3rmt3m3,0.25,20,jump,400
12440,4906,2.5356706074194864,s3rmt3m3,0.25,21,jump,400
13904,8170,1.7018359853121174,memplus,0.0,17,drift,400
13933,8169,1.7055943199902068,memplus,0.0,18,drift,400
11177,7075,1.5797879858657244,memplus,0.0,19,drift,400
13941,8190,1.7021978021978021,memplus,0.0,20,drift,400
13860,8145,1.701657458563536,memplus,0.0,21,drift,400
15196,8823,1.7223166723336734,memplus,0.002,17,drift,400
14786,8690,1.7014959723820484,memplus,0.002,18,drift,400
14136,8429,1.6770672677660459,memplus,0.002,19,drift,400
14830,8779,1.6892584576831073,memplus,0.002,20,drift,400
14137,8408,1.6813748810656517,memplus,0.002,21,drift,400
14572,8486,1.7171812396888995,memplus,0.01,17,drift,400
14131,8348,1.6927407762338285,memplus,0.01,18,drift,400
14358,8451,1.6989705360312388,memplus,0.01,19,drift,400
14273,8250,1.730060606060606,memplus,0.01,20,drift,400
14164,8418,1.6825849370396768,memplus,0.01,21,drift,400
14243,8468,1.6819792158715163,memplus,0.05,17,drift,400
14397,8598,1.6744591765526866,memplus,0.05,18,drift,400
14272,8424,1.694207027540361,memplus,0.05,19,drift,400
15626,9040,1.7285398230088496,memplus,0.05,20,drift,400
14728,8768,1.6797445255474452,memplus,0.05,21,drift,400
15227,9251,1.6459842179223867,memplus,0.25,17,drift,400
15861,9483,1.6725719708952862,memplus,0.25,18,drift,400
15238,9249,1.6475294626446102,memplus,0.25,19,drift,400
15195,9274,1.6384515850765582,memplus,0.25,20,drift,400
14907,8974,1.6611321595720971,memplus,0.25,21,drift,400
13904,8170,1.7018359853121174,memplus,0.0,17,jump,400
13933,8169,1.7055943199902068,memplus,0.0,18,jump,400
11177,7075,1.5797879858657244,memplus,0.0,19,jump,400
13941,8190,1.7021978021978021,memplus,0.0,20,jump,400
13860,8145,1.701657458563536,memplus,0.0,21,jump,400
11853,8220,1.441970802919708,memplus,0.002,17,jump,400
11686,7763,1.5053458714414532,memplus,0.002,18,jump,400
11438,7700,1.4854545454545454,memplus,0.002,19,jump,400
12092,7895,1.5316022799240026,memplus,0.002,20,jump,400
10434,7420,1.406199460916442,memplus,0.002,21,jump,400
6755,5219,1.294309254646484,memplus,0.01,17,jump,400
6857,5242,1.3080885158336513,memplus,0.01,18,jump,400
7390,5470,1.3510054844606947,memplus,0.01,19,jump,400
7288,5531,1.317664075212439,memplus,0.01,20,jump,400
5535,4434,1.2483085250338295,memplus,0.01,21,jump,400
5946,4624,1.2858996539792387,memplus,0.05,17,jump,400
5344,4362,1.2251260889500228,memplus,0.05,18,jump,400
6029,4800,1.2560416666666667,memplus,0.05,19,jump,400
6678,5043,1.3242117787031529,memplus,0.05,20,jump,400
4967,3976,1.2492454728370221,memplus,0.05,21,jump,400
6089,4818,1.263802407638024,memplus,0.25,17,jump,400
6623,5055,1.3101879327398616,memplus,0.25,18,jump,400
6218,4971,1.2508549587608127,memplus,0.25,19,jump,400
6568,5173,1.269669437463754,memplus,0.25,20,jump,400
5150,4250,1.2117647058823529,memplus,0.25,21,jump,400
6632,858,7.729603729603729,olafu,0.0,17,drift,400
4691,942,4.979830148619958,olafu,0.0,18,drift,400
7808,1014,7.700197238658777,olafu,0.0,19,drift,400
4665,794,5.875314861460957,olafu,0.0,20,drift,400
4121,629,6.5516693163751984,olafu,0.0,21,drift,400
9241,1314,7.032724505327245,olafu,0.002,17,drift,400
6967,1456,4.785027472527473,olafu,0.002,18,drift,400
10807,1497,7.219104876419506,olafu,0.002,19,drift,400
8089,1277,6.334377447141739,olafu,0.002,20,drift,400
5885,828,7.107487922705314,olafu,0.002,21,drift,400
10273,1379,7.449601160261059,olafu,0.01,17,drift,400
10246,1758,5.828213879408419,olafu,0.01,18,drift,400
10497,1866,5.62540192926045,olafu,0.01,19,drift,400
11212,1998,5.611611611611612,olafu,0.01,20,drift,400
5214,828,6.297101449275362,olafu,0.01,21,drift,400
10694,1980,5.401010101010101,olafu,0.05,17,drift,400
10739,2331,4.607035607035607,olafu,0.05,18,drift,400
9895,1623,6.096734442390635,olafu,0.05,19,drift,400
12476,2210,5.645248868778281,olafu,0.05,20,drift,400
5272,1288,4.093167701863354,olafu,0.05,21,drift,400
7531,1415,5.32226148409894,olafu,0.25,17,drift,400
9179,1398,6.565808297567954,olafu,0.25,18,drift,400
6736,1037,6.49566055930569,olafu,0.25,19,drift,400
9208,1751,5.258709308966305,olafu,0.25,20,drift,400
6506,913,7.125958378970427,olafu,0.25,21,drift,400
6632,858,7.729603729603729,olafu,0.0,17,jump,400
4691,942,4.979830148619958,olafu,0.0,18,jump,400
7808,1014,7.700197238658777,olafu,0.0,19,jump,400
4665,794,5.875314861460957,olafu,0.0,20,jump,400
4121,629,6.5516693163751984,olafu,0.0,21,jump,400
23107,11414,2.024443665673734,olafu,0.002,17,jump,400
21838,11596,1.8832355984822353,olafu,0.002,18,jump,400
24316,11820,2.0571912013536378,olafu,0.002,19,jump,400
23255,11714,1.985231347106027,olafu,0.002,20,jump,400
22320,11620,1.9208261617900173,olafu,0.002,21,jump,400
24765,12757,1.9412871364740927,olafu,0.01,17,jump,400
23205,12420,1.8683574879227054,olafu,0.01,18,jump,400
23707,12974,1.8272699244643131,olafu,0.01,19,jump,400
25297,12402,2.0397516529592,olafu,0.01,20,jump,400
25181,13054,1.9289872835912365,olafu,0.01,21,jump,400
23852,12705,1.8773711137347502,olafu,0.05,17,jump,400
24187,12687,1.9064396626468039,olafu,0.05,18,jump,400
24481,12582,1.9457161023684628,olafu,0.05,19,jump,400
23866,12428,1.9203411651110396,olafu,0.05,20,jump,400
24332,12537,1.9408151870463428,olafu,0.05,21,jump,400
24350,12859,1.8936153666692588,olafu,0.25,17,jump,400
23585,12419,1.899106208229326,olafu,0.25,18,jump,400
23488,12785,1.8371529135705906,olafu,0.25,19,jump,400
24013,12455,1.927980730630269,olafu,0.25,20,jump,400
23775,12672,1.8761837121212122,olafu,0.25,21,jump,400
3233,978,3.3057259713701432,bcsstk25,0.0,17,drift,400
2770,729,3.7997256515775035,bcsstk25,0.0,18,drift,400
4521,1204,3.754983388704319,bcsstk25,0.0,19,drift,400
2632,742,3.547169811320755,bcsstk25,0.0,20,drift,400
3990,1192,3.347315436241611,bcsstk25,0.0,21,drift,400
4591,1439,3.1904100069492705,bcsstk25,0.002,17,drift,400
4381,1233,3.553122465531225,bcsstk25,0.002,18,drift,400
6272,1666,3.764705882352941,bcsstk25,0.002,19,drift,400
4632,1078,4.296846011131725,bcsstk25,0.002,20,drift,400
5562,1708,3.256440281030445,bcsstk25,0.002,21,drift,400
5586,1640,3.40609756097561,bcsstk25,0.01,17,drift,400
5386,1549,3.4770819883795996,bcsstk25,0.01,18,drift,400
7058,2004,3.521956087824351,bcsstk25,0.01,19,drift,400
4712,1412,3.3371104815864023,bcsstk25,0.01,20,drift,400
6022,1762,3.4177071509648127,bcsstk25,0.01,21,drift,400
5297,1604,3.302369077306733,bcsstk25,0.05,17,drift,400
4975,1499,3.3188792528352233,bcsstk25,0.05,18,drift,400
6323,2120,2.982547169811321,bcsstk25,0.05,19,drift,400
6098,2118,2.879131255901794,bcsstk25,0.05,20,drift,400
6774,2514,2.694510739856802,bcsstk25,0.05,21,drift,400
5777,2319,2.491159982751186,bcsstk25,0.25,17,drift,400
4934,1794,2.750278706800446,bcsstk25,0.25,18,drift,400
5722,1862,3.0730397422126745,bcsstk25,0.25,19,drift,400
4999,1694,2.951003541912633,bcsstk25,0.25,20,drift,400
5957,2087,2.8543363679923335,bcsstk25,0.25,21,drift,400
3233,978,3.3057259713701432,bcsstk25,0.0,17,jump,400
2770,729,3.7997256515775035,bcsstk25,0.0,18,jump,400
4521,1204,3.754983388704319,bcsstk25,0.0,19,jump,400
2632,742,3.547169811320755,bcsstk25,0.0,20,jump,400
3990,1192,3.347315436241611,bcsstk25,0.0,21,jump,400
12475,8145,1.5316144874155924,bcsstk25,0.002,17,jump,400
12503,8051,1.5529747857409018,bcsstk25,0.002,18,jump,400
12954,8454,1.532292405961675,bcsstk25,0.002,19,jump,400
12534,8320,1.5064903846153845,bcsstk25,0.002,20,jump,400
12470,8186,1.5233325189347666,bcsstk25,0.002,21,jump,400
13293,9256,1.4361495246326708,bcsstk25,0.01,17,jump,400
13389,9146,1.463918652963044,bcsstk25,0.01,18,jump,400
13393,9046,1.4805438868007958,bcsstk25,0.01,19,jump,400
13402,9127,1.4683904897556699,bcsstk25,0.01,20,jump,400
13320,9054,1.47117296222664,bcsstk25,0.01,21,jump,400
13532,8868,1.525935949481281,bcsstk25,0.05,17,jump,400
12862,8800,1.4615909090909092,bcsstk25,0.05,18,jump,400
13178,9073,1.4524413093794775,bcsstk25,0.05,19,jump,400
12859,8962,1.4348359741129213,bcsstk25,0.05,20,jump,400
13122,8977,1.4617355463963462,bcsstk25,0.05,21,jump,400
13255,9179,1.4440570868286307,bcsstk25,0.25,17,jump,400
13243,9229,1.4349333622277602,bcsstk25,0.25,18,jump,400
12801,8924,1.4344464365755267,bcsstk25,0.25,19,jump,400
13348,9226,1.4467808367656623,bcsstk25,0.25,20,jump,400
13141,9170,1.433042529989095,bcsstk25,0.25,21,jump,400
7598,6334,1.19955794126934,circuit_3,0.0,17,drift,400
7619,6359,1.1981443623211196,circuit_3,0.0,18,drift,400
8088,6690,1.2089686098654708,circuit_3,0.0,19,drift,400
7619,6362,1.1975793775542283,circuit_3,0.0,20,drift,400
8381,6968,1.2027841561423651,circuit_3,0.0,21,drift,400
7724,6448,1.1978908188585609,circuit_3,0.002,17,drift,400
7928,6569,1.2068808037753083,circuit_3,0.002,18,drift,400
8403,6823,1.2315696907518687,circuit_3,0.002,19,drift,400
7901,6547,1.2068122804337864,circuit_3,0.002,20,drift,400
8545,7065,1.2094833687190376,circuit_3,0.002,21,drift,400
8067,6721,1.200267817289094,circuit_3,0.01,17,drift,400
7763,6531,1.1886387995712755,circuit_3,0.01,18,drift,400
8441,6969,1.2112211221122111,circuit_3,0.01,19,drift,400
8000,6596,1.212856276531231,circuit_3,0.01,20,drift,400
8885,7330,1.2121418826739427,circuit_3,0.01,21,drift,400
8994,7260,1.2388429752066115,circuit_3,0.05,17,drift,400
8977,7202,1.2464593168564289,circuit_3,0.05,18,drift,400
8690,7155,1.2145352900069881,circuit_3,0.05,19,drift,400
8572,7126,1.2029188885770419,circuit_3,0.05,20,drift,400
9174,7392,1.2410714285714286,circuit_3,0.05,21,drift,400
9188,7274,1.2631289524333242,circuit_3,0.25,17,drift,400
9057,7325,1.2364505119453926,circuit_3,0.25,18,drift,400
8995,7214,1.2468810645966177,circuit_3,0.25,19,drift,400
8929,7172,1.2449804796430564,circuit_3,0.25,20,drift,400
9566,7394,1.2937516905599133,circuit_3,0.25,21,drift,400
7598,6334,1.19955794126934,circuit_3,0.0,17,jump,400
7619,6359,1.1981443623211196,circuit_3,0.0,18,jump,400
8088,6690,1.2089686098654708,circuit_3,0.0,19,jump,400
7619,6362,1.1975793775542283,circuit_3,0.0,20,jump,400
8381,6968,1.2027841561423651,circuit_3,0.0,21,jump,400
4286,3458,1.2394447657605552,circuit_3,0.002,17,jump,400
4033,3255,1.2390168970814133,circuit_3,0.002,18,jump,400
10062,7685,1.3093038386467144,circuit_3,0.002,19,jump,400
3677,3055,1.2036006546644844,circuit_3,0.002,20,jump,400
9533,7428,1.2833871836295099,circuit_3,0.002,21,jump,400
4062,3440,1.1808139534883721,circuit_3,0.01,17,jump,400
4235,3486,1.214859437751004,circuit_3,0.01,18,jump,400
4031,3364,1.1982758620689655,circuit_3,0.01,19,jump,400
3947,3326,1.1867107636800962,circuit_3,0.01,20,jump,400
10030,7720,1.299222797927461,circuit_3,0.01,21,jump,400
4072,3387,1.2022438736344847,circuit_3,0.05,17,jump,400
4067,3397,1.1972328525169267,circuit_3,0.05,18,jump,400
4075,3489,1.1679564345084552,circuit_3,0.05,19,jump,400
4029,3427,1.1756638459293842,circuit_3,0.05,20,jump,400
9686,7635,1.2686313032089063,circuit_3,0.05,21,jump,400
9845,7742,1.2716352363730303,circuit_3,0.25,17,jump,400
3920,3314,1.1828605914302956,circuit_3,0.25,18,jump,400
3941,3299,1.1946044255835102,circuit_3,0.25,19,jump,400
9821,7873,1.247427918201448,circuit_3,0.25,20,jump,400
4177,3528,1.1839569160997732,circuit_3,0.25,21,jump,400
3818,1010,3.78019801980198,bcsstk18,0.0,17,drift,400
3871,1131,3.4226348364279398,bcsstk18,0.0,18,drift,400
3099,1151,2.69244135534318,bcsstk18,0.0,19,drift,400
3263,1194,2.7328308207705194,bcsstk18,0.0,20,drift,400
3278,918,3.570806100217865,bcsstk18,0.0,21,drift,400
6252,1498,4.173564753004006,bcsstk18,0.002,17,drift,400
5463,1614,3.3847583643122676,bcsstk18,0.002,18,drift,400
4688,1843,2.543678784590342,bcsstk18,0.002,19,drift,400
5695,1988,2.864688128772636,bcsstk18,0.002,20,drift,400
5118,1393,3.6740847092605886,bcsstk18,0.002,21,drift,400
7019,1735,4.045533141210375,bcsstk18,0.01,17,drift,400
4979,1502,3.31491344873502,bcsstk18,0.01,18,drift,400
4956,1700,2.915294117647059,bcsstk18,0.01,19,drift,400
7433,2600,2.858846153846154,bcsstk18,0.01,20,drift,400
5987,1656,3.6153381642512077,bcsstk18,0.01,21,drift,400
8559,2086,4.103068072866731,bcsstk18,0.05,17,drift,400
6305,1747,3.6090440755580997,bcsstk18,0.05,18,drift,400
7599,2750,2.763272727272727,bcsstk18,0.05,19,drift,400
8414,2810,2.994306049822064,bcsstk18,0.05,20,drift,400
6885,2103,3.2738944365192584,bcsstk18,0.05,21,drift,400
6991,1829,3.8223072717331874,bcsstk18,0.25,17,drift,400
7498,1970,3.8060913705583754,bcsstk18,0.25,18,drift,400
7917,2405,3.291891891891892,bcsstk18,0.25,19,drift,400
7413,1764,4.2023809523809526,bcsstk18,0.25,20,drift,400
7514,2256,3.3306737588652484,bcsstk18,0.25,21,drift,400
3818,1010,3.78019801980198,bcsstk18,0.0,17,jump,400
3871,1131,3.4226348364279398,bcsstk18,0.0,18,jump,400
3099,1151,2.69244135534318,bcsstk18,0.0,19,jump,400
3263,1194,2.7328308207705194,bcsstk18,0.0,20,jump,400
3278,918,3.570806100217865,bcsstk18,0.0,21,jump,400
12118,6908,1.754198031268095,bcsstk18,0.002,17,jump,400
11806,6690,1.7647234678624812,bcsstk18,0.002,18,jump,400
11885,7048,1.686293984108967,bcsstk18,0.002,19,jump,400
12180,7051,1.7274145511274996,bcsstk18,0.002,20,jump,400
11851,6839,1.7328556806550666,bcsstk18,0.002,21,jump,400
12154,7383,1.6462142760395504,bcsstk18,0.01,17,jump,400
12189,7182,1.6971595655806182,bcsstk18,0.01,18,jump,400
12268,7294,1.6819303537153825,bcsstk18,0.01,19,jump,400
12554,7426,1.6905467277134392,bcsstk18,0.01,20,jump,400
12309,7379,1.6681122103266026,bcsstk18,0.01,21,jump,400
12365,7518,1.6447193402500666,bcsstk18,0.05,17,jump,400
11988,7249,1.6537453441854049,bcsstk18,0.05,18,jump,400
12805,7602,1.68442515127598,bcsstk18,0.05,19,jump,400
12209,7514,1.6248336438647857,bcsstk18,0.05,20,jump,400
12662,7510,1.6860186418109189,bcsstk18,0.05,21,jump,400
12191,7338,1.6613518669937313,bcsstk18,0.25,17,jump,400
12457,7740,1.6094315245478037,bcsstk18,0.25,18,jump,400
12469,7536,1.6545912951167727,bcsstk18,0.25,19,jump,400
12626,7576,1.6665786694825766,bcsstk18,0.25,20,jump,400
12129,7474,1.6228257960931227,bcsstk18,0.25,21,jump,400
1185,595,1.9915966386554622,add32,0.0,17,drift,400
1114,531,2.097928436911488,add32,0.0,18,drift,400
864,390,2.2153846153846155,add32,0.0,19,drift,400
1020,516,1.9767441860465116,add32,0.0,20,drift,400
975,447,2.1812080536912752,add32,0.0,21,drift,400
1228,602,2.0398671096345513,add32,0.002,17,drift,400
1197,556,2.152877697841727,add32,0.002,18,drift,400
985,471,2.091295116772824,add32,0.002,19,drift,400
1201,565,2.1256637168141594,add32,0.002,20,drift,400
1157,545,2.1229357798165136,add32,0.002,21,drift,400
1393,659,2.1138088012139606,add32,0.01,17,drift,400
1502,714,2.103641456582633,add32,0.01,18,drift,400
1294,574,2.254355400696864,add32,0.01,19,drift,400
1354,632,2.142405063291139,add32,0.01,20,drift,400
1408,683,2.061493411420205,add32,0.01,21,drift,400
1676,763,2.196592398427261,add32,0.05,17,drift,400
1627,747,2.178045515394913,add32,0.05,18,drift,400
1609,751,2.1424766977363516,add32,0.05,19,drift,400
1837,841,2.184304399524376,add32,0.05,20,drift,400
1770,826,2.142857142857143,add32,0.05,21,drift,400
2151,1047,2.054441260744986,add32,0.25,17,drift,400
1878,931,2.0171858216970997,add32,0.25,18,drift,400
1649,764,2.1583769633507854,add32,0.25,19,drift,400
2033,981,2.072375127420999,add32,0.25,20,drift,400
1974,937,2.1067235859124867,add32,0.25,21,drift,400
1185,595,1.9915966386554622,add32,0.0,17,jump,400
1114,531,2.097928436911488,add32,0.0,18,jump,400
864,390,2.2153846153846155,add32,0.0,19,jump,400
1020,516,1.9767441860465116,add32,0.0,20,jump,400
975,447,2.1812080536912752,add32,0.0,21,jump,400
4056,2792,1.4527220630372493,add32,0.002,17,jump,400
4288,2994,1.4321977287909151,add32,0.002,18,jump,400
3811,2772,1.3748196248196247,add32,0.002,19,jump,400
3674,2644,1.3895612708018155,add32,0.002,20,jump,400
4075,2938,1.386997957794418,add32,0.002,21,jump,400
4233,3041,1.3919763235777705,add32,0.01,17,jump,400
4288,3053,1.4045201441205373,add32,0.01,18,jump,400
4280,3047,1.4046603216278306,add32,0.01,19,jump,400
4079,3011,1.3546994354035204,add32,0.01,20,jump,400
4111,2992,1.3739973262032086,add32,0.01,21,jump,400
4455,3207,1.3891487371375117,add32,0.05,17,jump,400
3990,2969,1.3438868305826879,add32,0.05,18,jump,400
4392,3093,1.419980601357905,add32,0.05,19,jump,400
4348,3069,1.4167481264255457,add32,0.05,20,jump,400
4108,2955,1.390186125211506,add32,0.05,21,jump,400
4072,3009,1.3532735127949485,add32,0.25,17,jump,400
4139,3022,1.3696227663798808,add32,0.25,18,jump,400
4291,3199,1.3413566739606126,add32,0.25,19,jump,400
4275,3033,1.4094955489614243,add32,0.25,20,jump,400
4326,3106,1.3927881519639407,add32,0.25,21,jump,400
3531,1078,3.2755102040816326,epb2,0.0,17,drift,400
1104,468,2.358974358974359,epb2,0.0,18,drift,400
1104,468,2.358974358974359,epb2,0.0,19,drift,400
1157,495,2.3373737373737375,epb2,0.0,20,drift,400
1478,584,2.530821917808219,epb2,0.0,21,drift,400
4095,1277,3.206734534064213,epb2,0.002,17,drift,400
1612,669,2.4095665171898357,epb2,0.002,18,drift,400
1608,656,2.451219512195122,epb2,0.002,19,drift,400
1515,636,2.3820754716981134,epb2,0.002,20,drift,400
1979,730,2.710958904109589,epb2,0.002,21,drift,400
4286,1484,2.8881401617250675,epb2,0.01,17,drift,400
1907,782,2.438618925831202,epb2,0.01,18,drift,400
2139,997,2.1454363089267803,epb2,0.01,19,drift,400
1990,939,2.119275825346113,epb2,0.01,20,drift,400
2471,973,2.539568345323741,epb2,0.01,21,drift,400
4014,1431,2.8050314465408803,epb2,0.05,17,drift,400
2789,1202,2.320299500831947,epb2,0.05,18,drift,400
3172,1363,2.3272193690388847,epb2,0.05,19,drift,400
2790,1276,2.1865203761755487,epb2,0.05,20,drift,400
2882,1440,2.001388888888889,epb2,0.05,21,drift,400
3423,1397,2.45025053686471,epb2,0.25,17,drift,400
3758,1445,2.6006920415224912,epb2,0.25,18,drift,400
4852,1664,2.9158653846153846,epb2,0.25,19,drift,400
5132,1729,2.9681897050318105,epb2,0.25,20,drift,400
3673,1497,2.453573814295257,epb2,0.25,21,drift,400
3531,1078,3.2755102040816326,epb2,0.0,17,jump,400
1104,468,2.358974358974359,epb2,0.0,18,jump,400
1104,468,2.358974358974359,epb2,0.0,19,jump,400
1157,495,2.3373737373737375,epb2,0.0,20,jump,400
1478,584,2.530821917808219,epb2,0.0,21,jump,400
6294,4942,1.273573452043707,epb2,0.002,17,jump,400
5996,4775,1.2557068062827226,epb2,0.002,18,jump,400
5989,4924,1.2162875710804224,epb2,0.002,19,jump,400
5966,4956,1.2037933817594835,epb2,0.002,20,jump,400
6043,5060,1.1942687747035574,epb2,0.002,21,jump,400
6825,5603,1.2180974477958237,epb2,0.01,17,jump,400
6145,5574,1.1024398995335487,epb2,0.01,18,jump,400
6378,5552,1.1487752161383284,epb2,0.01,19,jump,400
6539,5660,1.1553003533568904,epb2,0.01,20,jump,400
6592,5664,1.1638418079096045,epb2,0.01,21,jump,400
6606,5685,1.1620052770448548,epb2,0.05,17,jump,400
6446,5549,1.1616507478825013,epb2,0.05,18,jump,400
6735,5705,1.1805433829973708,epb2,0.05,19,jump,400
6352,5534,1.147813516443802,epb2,0.05,20,jump,400
6708,5518,1.215657847046031,epb2,0.05,21,jump,400
6335,5635,1.124223602484472,epb2,0.25,17,jump,400
6232,5608,1.1112696148359487,epb2,0.25,18,jump,400
6562,5675,1.1562995594713656,epb2,0.25,19,jump,400
6491,5624,1.1541607396870555,epb2,0.25,20,jump,400
6133,5668,1.0820395201129147,epb2,0.25,21,jump,400
2165,1007,2.1499503475670307,rajat03,0.0,17,drift,400
1771,821,2.1571254567600486,rajat03,0.0,18,drift,400
1525,655,2.3282442748091605,rajat03,0.0,19,drift,400
1956,911,2.1470911086717894,rajat03,0.0,20,drift,400
1894,850,2.228235294117647,rajat03,0.0,21,drift,400
2434,1101,2.2107175295186194,rajat03,0.002,17,drift,400
2173,1043,2.0834132310642377,rajat03,0.002,18,drift,400
2044,936,2.1837606837606836,rajat03,0.002,19,drift,400
2142,996,2.1506024096385543,rajat03,0.002,20,drift,400
2302,1142,2.0157618213660244,rajat03,0.002,21,drift,400
2622,1191,2.2015113350125946,rajat03,0.01,17,drift,400
2638,1221,2.1605241605241607,rajat03,0.01,18,drift,400
2345,1021,2.296767874632713,rajat03,0.01,19,drift,400
2672,1180,2.2644067796610168,rajat03,0.01,20,drift,400
2632,1187,2.2173546756529063,rajat03,0.01,21,drift,400
2986,1431,2.086652690426275,rajat03,0.05,17,drift,400
3028,1374,2.2037845705967976,rajat03,0.05,18,drift,400
3028,1360,2.226470588235294,rajat03,0.05,19,drift,400
2930,1389,2.10943124550036,rajat03,0.05,20,drift,400
3692,1769,2.0870548332391183,rajat03,0.05,21,drift,400
3504,1890,1.853968253968254,rajat03,0.25,17,drift,400
3505,1955,1.792838874680307,rajat03,0.25,18,drift,400
3488,1723,2.024376088218224,rajat03,0.25,19,drift,400
3700,1942,1.905252317198764,rajat03,0.25,20,drift,400
3341,1477,2.2620176032498307,rajat03,0.25,21,drift,400
2165,1007,2.1499503475670307,rajat03,0.0,17,jump,400
1771,821,2.1571254567600486,rajat03,0.0,18,jump,400
1525,655,2.3282442748091605,rajat03,0.0,19,jump,400
1956,911,2.1470911086717894,rajat03,0.0,20,jump,400
1894,850,2.228235294117647,rajat03,0.0,21,jump,400
5614,4136,1.3573500967117988,rajat03,0.002,17,jump,400
5878,4301,1.3666589165310392,rajat03,0.002,18,jump,400
5560,4007,1.3875717494384827,rajat03,0.002,19,jump,400
5620,4127,1.3617639932154106,rajat03,0.002,20,jump,400
5440,4031,1.3495410568097246,rajat03,0.002,21,jump,400
6109,4726,1.2926364790520524,rajat03,0.01,17,jump,400
6094,4611,1.3216222077640425,rajat03,0.01,18,jump,400
5955,4453,1.337300696159892,rajat03,0.01,19,jump,400
5894,4412,1.3359020852221215,rajat03,0.01,20,jump,400
5860,4473,1.3100827185334227,rajat03,0.01,21,jump,400
6092,4445,1.3705286839145108,rajat03,0.05,17,jump,400
6015,4467,1.3465413028878441,rajat03,0.05,18,jump,400
6007,4379,1.3717743777118063,rajat03,0.05,19,jump,400
6023,4431,1.3592868426991649,rajat03,0.05,20,jump,400
5894,4418,1.3340878225441377,rajat03,0.05,21,jump,400
6041,4465,1.3529675251959687,rajat03,0.25,17,jump,400
5876,4415,1.3309173272933181,rajat03,0.25,18,jump,400
5926,4423,1.3398146054713995,rajat03,0.25,19,jump,400
6001,4371,1.372912377030428,rajat03,0.25,20,jump,400
5910,4403,1.3422666363842835,rajat03,0.25,21,jump,400
3890,1445,2.6920415224913494,wang3,0.0,17,drift,400
3371,1212,2.7813531353135312,wang3,0.0,18,drift,400
3212,1150,2.7930434782608695,wang3,0.0,19,drift,400
3645,1305,2.793103448275862,wang3,0.0,20,drift,400
3888,1461,2.6611909650924024,wang3,0.0,21,drift,400
4937,1934,2.5527404343329887,wang3,0.002,17,drift,400
4511,1728,2.6105324074074074,wang3,0.002,18,drift,400
3805,1412,2.694759206798867,wang3,0.002,19,drift,400
4615,1707,2.7035735207967195,wang3,0.002,20,drift,400
4508,1809,2.4919845218352683,wang3,0.002,21,drift,400
5610,2239,2.5055828494863777,wang3,0.01,17,drift,400
5057,2038,2.4813542688910695,wang3,0.01,18,drift,400
4296,1594,2.695106649937265,wang3,0.01,19,drift,400
5574,2274,2.451187335092348,wang3,0.01,20,drift,400
5995,2621,2.2872949256009156,wang3,0.01,21,drift,400
6031,2605,2.315163147792706,wang3,0.05,17,drift,400
5900,2698,2.1868050407709414,wang3,0.05,18,drift,400
5795,2425,2.3896907216494845,wang3,0.05,19,drift,400
5744,2692,2.1337295690936107,wang3,0.05,20,drift,400
6879,3516,1.9564846416382253,wang3,0.05,21,drift,400
6142,2945,2.0855687606112054,wang3,0.25,17,drift,400
6500,3290,1.9756838905775076,wang3,0.25,18,drift,400
6101,2788,2.188307030129125,wang3,0.25,19,drift,400
6568,3240,2.0271604938271603,wang3,0.25,20,drift,400
5789,2642,2.1911430734292203,wang3,0.25,21,drift,400
3890,1445,2.6920415224913494,wang3,0.0,17,jump,400
3371,1212,2.7813531353135312,wang3,0.0,18,jump,400
3212,1150,2.7930434782608695,wang3,0.0,19,jump,400
3645,1305,2.793103448275862,wang3,0.0,20,jump,400
3888,1461,2.6611909650924024,wang3,0.0,21,jump,400
9564,7774,1.2302546951376383,wang3,0.002,17,jump,400
9616,7657,1.2558443254538332,wang3,0.002,18,jump,400
9591,7619,1.2588266176663605,wang3,0.002,19,jump,400
9609,7971,1.205494919081671,wang3,0.002,20,jump,400
9738,7780,1.2516709511568123,wang3,0.002,21,jump,400
10121,8572,1.1807046196920206,wang3,0.01,17,jump,400
10019,8621,1.162162162162162,wang3,0.01,18,jump,400
10054,8673,1.1592297936123601,wang3,0.01,19,jump,400
10403,8767,1.1866088741872933,wang3,0.01,20,jump,400
10192,8798,1.1584451011593544,wang3,0.01,21,jump,400
10266,8889,1.1549105636179549,wang3,0.05,17,jump,400
10131,8741,1.1590207070129275,wang3,0.05,18,jump,400
10198,8914,1.1440430783037918,wang3,0.05,19,jump,400
10101,8678,1.1639778750864254,wang3,0.05,20,jump,400
10055,8521,1.180025818565896,wang3,0.05,21,jump,400
10144,8752,1.1590493601462524,wang3,0.25,17,jump,400
10192,8657,1.1773131569827886,wang3,0.25,18,jump,400
10124,8605,1.1765252760023241,wang3,0.25,19,jump,400
9999,8652,1.1556865464632455,wang3,0.25,20,jump,400
10047,8545,1.1757753071971913,wang3,0.25,21,jump,400
3376,1855,1.819946091644205,scircuit,0.0,17,drift,400
1869,774,2.4147286821705425,scircuit,0.0,18,drift,400
6769,3169,2.1360050489113287,scircuit,0.0,19,drift,400
1820,772,2.3575129533678756,scircuit,0.0,20,drift,400
5460,3198,1.7073170731707317,scircuit,0.0,21,drift,400
4549,2633,1.7276870489935434,scircuit,0.002,17,drift,400
2112,880,2.4,scircuit,0.002,18,drift,400
6239,3338,1.8690832834032354,scircuit,0.002,19,drift,400
2288,973,2.3514902363823227,scircuit,0.002,20,drift,400
5357,3134,1.7093171665603064,scircuit,0.002,21,drift,400
4461,2254,1.979148181011535,scircuit,0.01,17,drift,400
2484,993,2.501510574018127,scircuit,0.01,18,drift,400
6555,3372,1.9439501779359432,scircuit,0.01,19,drift,400
2634,1067,2.4686035613870665,scircuit,0.01,20,drift,400
6174,3515,1.7564722617354196,scircuit,0.01,21,drift,400
5568,3085,1.8048622366288494,scircuit,0.05,17,drift,400
3553,1392,2.5524425287356323,scircuit,0.05,18,drift,400
6551,3385,1.9353028064992615,scircuit,0.05,19,drift,400
3204,1278,2.507042253521127,scircuit,0.05,20,drift,400
6990,4152,1.6835260115606936,scircuit,0.05,21,drift,400
7144,4158,1.7181337181337182,scircuit,0.25,17,drift,400
5929,3156,1.8786438529784537,scircuit,0.25,18,drift,400
5899,2849,2.0705510705510703,scircuit,0.25,19,drift,400
3982,1610,2.4732919254658383,scircuit,0.25,20,drift,400
7361,4035,1.8242874845105328,scircuit,0.25,21,drift,400
3376,1855,1.819946091644205,scircuit,0.0,17,jump,400
1869,774,2.4147286821705425,scircuit,0.0,18,jump,400
6769,3169,2.1360050489113287,scircuit,0.0,19,jump,400
1820,772,2.3575129533678756,scircuit,0.0,20,jump,400
5460,3198,1.7073170731707317,scircuit,0.0,21,jump,400
6992,6253,1.1181832720294258,scircuit,0.002,17,jump,400
6301,5681,1.1091357155430381,scircuit,0.002,18,jump,400
7957,7197,1.105599555370293,scircuit,0.002,19,jump,400
6594,5942,1.1097273645237293,scircuit,0.002,20,jump,400
7658,6926,1.1056887092116663,scircuit,0.002,21,jump,400
6986,6812,1.0255431591309454,scircuit,0.01,17,jump,400
6553,6422,1.0203986297103707,scircuit,0.01,18,jump,400
6877,6681,1.0293369256099387,scircuit,0.01,19,jump,400
7049,6920,1.0186416184971099,scircuit,0.01,20,jump,400
6790,6581,1.0317580914754596,scircuit,0.01,21,jump,400
6866,6715,1.0224869694713328,scircuit,0.05,17,jump,400
6793,6629,1.0247397797556193,scircuit,0.05,18,jump,400
6710,6587,1.0186731440716563,scircuit,0.05,19,jump,400
6778,6654,1.0186354072738202,scircuit,0.05,20,jump,400
6736,6571,1.0251103332826055,scircuit,0.05,21,jump,400
7085,6892,1.0280034822983168,scircuit,0.25,17,jump,400
7663,7472,1.0255620985010707,scircuit,0.25,18,jump,400
6721,6622,1.0149501661129567,scircuit,0.25,19,jump,400
6660,6535,1.0191277735271613,scircuit,0.25,20,jump,400
6644,6512,1.0202702702702702,scircuit,0.25,21,jump,400
3703,1518,2.4393939393939394,bcspwr09,0.0,17,drift,400
3668,1551,2.364925854287556,bcspwr09,0.0,18,drift,400
3317,1501,2.2098600932711525,bcspwr09,0.0,19,drift,400
3759,1539,2.442495126705653,bcspwr09,0.0,20,drift,400
3633,1535,2.3667752442996743,bcspwr09,0.0,21,drift,400
3799,1546,2.4573091849935316,bcspwr09,0.002,17,drift,400
3834,1566,2.4482758620689653,bcspwr09,0.002,18,drift,400
3550,1562,2.272727272727273,bcspwr09,0.002,19,drift,400
4007,1545,2.593527508090615,bcspwr09,0.002,20,drift,400
3679,1543,2.3843162670123137,bcspwr09,0.002,21,drift,400
3981,1571,2.534054742202419,bcspwr09,0.01,17,drift,400
3993,1594,2.505018820577164,bcspwr09,0.01,18,drift,400
3963,1594,2.486198243412798,bcspwr09,0.01,19,drift,400
4205,1620,2.595679012345679,bcspwr09,0.01,20,drift,400
4070,1608,2.531094527363184,bcspwr09,0.01,21,drift,400
3837,1561,2.4580397181294042,bcspwr09,0.05,17,drift,400
3920,1592,2.4623115577889445,bcspwr09,0.05,18,drift,400
4044,1565,2.5840255591054313,bcspwr09,0.05,19,drift,400
4156,1597,2.6023794614902944,bcspwr09,0.05,20,drift,400
4126,1605,2.5707165109034267,bcspwr09,0.05,21,drift,400
4045,1590,2.5440251572327046,bcspwr09,0.25,17,drift,400
4097,1578,2.596324461343473,bcspwr09,0.25,18,drift,400
3984,1577,2.526315789473684,bcspwr09,0.25,19,drift,400
3978,1562,2.5467349551856593,bcspwr09,0.25,20,drift,400
4022,1584,2.539141414141414,bcspwr09,0.25,21,drift,400
3703,1518,2.4393939393939394,bcspwr09,0.0,17,jump,400
3668,1551,2.364925854287556,bcspwr09,0.0,18,jump,400
3317,1501,2.2098600932711525,bcspwr09,0.0,19,jump,400
3759,1539,2.442495126705653,bcspwr09,0.0,20,jump,400
3633,1535,2.3667752442996743,bcspwr09,0.0,21,jump,400
4138,1654,2.501813784764208,bcspwr09,0.002,17,jump,400
4111,1650,2.4915151515151517,bcspwr09,0.002,18,jump,400
4395,1651,2.662023016353725,bcspwr09,0.002,19,jump,400
4061,1642,2.4732034104750307,bcspwr09,0.002,20,jump,400
4312,1667,2.5866826634673066,bcspwr09,0.002,21,jump,400
4080,1647,2.477231329690346,bcspwr09,0.01,17,jump,400
4112,1644,2.5012165450121655,bcspwr09,0.01,18,jump,400
4332,1676,2.58472553699284,bcspwr09,0.01,19,jump,400
4087,1619,2.5243977764051886,bcspwr09,0.01,20,jump,400
4254,1643,2.589166159464394,bcspwr09,0.01,21,jump,400
4024,1643,2.4491783323189287,bcspwr09,0.05,17,jump,400
4268,1663,2.566446181599519,bcspwr09,0.05,18,jump,400
4254,1649,2.5797453001819286,bcspwr09,0.05,19,jump,400
4067,1635,2.4874617737003057,bcspwr09,0.05,20,jump,400
4401,1658,2.6544028950542824,bcspwr09,0.05,21,jump,400
4483,1664,2.694110576923077,bcspwr09,0.25,17,jump,400
4086,1624,2.5160098522167487,bcspwr09,0.25,18,jump,400
3953,1623,2.4356130622304373,bcspwr09,0.25,19,jump,400
4199,1654,2.5386940749697704,bcspwr09,0.25,20,jump,400
4115,1643,2.5045648204503954,bcspwr09,0.25,21,jump,400
6298,3622,1.7388183324130315,bcspwr10,0.0,17,drift,400
6544,3653,1.7914043252121543,bcspwr10,0.0,18,drift,400
5871,3393,1.7303271441202475,bcspwr10,0.0,19,drift,400
5262,3187,1.6510825227486665,bcspwr10,0.0,20,drift,400
5602,3363,1.6657746060065417,bcspwr10,0.0,21,drift,400
6057,3565,1.6990182328190744,bcspwr10,0.002,17,drift,400
6700,3796,1.7650158061116965,bcspwr10,0.002,18,drift,400
6376,3627,1.7579266611524675,bcspwr10,0.002,19,drift,400
5601,3300,1.6972727272727273,bcspwr10,0.002,20,drift,400
5799,3525,1.6451063829787234,bcspwr10,0.002,21,drift,400
6380,3674,1.7365269461077844,bcspwr10,0.01,17,drift,400
6703,3754,1.7855620671283963,bcspwr10,0.01,18,drift,400
6236,3607,1.728860548932631,bcspwr10,0.01,19,drift,400
6114,3584,1.7059151785714286,bcspwr10,0.01,20,drift,400
5843,3481,1.6785406492387245,bcspwr10,0.01,21,drift,400
6553,3726,1.7587224906065486,bcspwr10,0.05,17,drift,400
6487,3740,1.7344919786096256,bcspwr10,0.05,18,drift,400
6736,3775,1.7843708609271522,bcspwr10,0.05,19,drift,400
6951,3843,1.8087431693989071,bcspwr10,0.05,20,drift,400
6278,3701,1.6962982977573628,bcspwr10,0.05,21,drift,400
6972,3830,1.8203655352480417,bcspwr10,0.25,17,drift,400
6967,3852,1.8086708203530633,bcspwr10,0.25,18,drift,400
7020,3959,1.7731750442030816,bcspwr10,0.25,19,drift,400
6787,3723,1.8229922105828633,bcspwr10,0.25,20,drift,400
6854,3821,1.7937712640669983,bcspwr10,0.25,21,drift,400
6298,3622,1.7388183324130315,bcspwr10,0.0,17,jump,400
6544,3653,1.7914043252121543,bcspwr10,0.0,18,jump,400
5871,3393,1.7303271441202475,bcspwr10,0.0,19,jump,400
5262,3187,1.6510825227486665,bcspwr10,0.0,20,jump,400
5602,3363,1.6657746060065417,bcspwr10,0.0,21,jump,400
6819,4022,1.6954251616111387,bcspwr10,0.002,17,jump,400
6918,4101,1.6869056327724945,bcspwr10,0.002,18,jump,400
6749,4007,1.6843024706763166,bcspwr10,0.002,19,jump,400
6692,4009,1.6692442005487653,bcspwr10,0.002,20,jump,400
6853,3987,1.7188362177075496,bcspwr10,0.002,21,jump,400
6849,4071,1.6823876197494474,bcspwr10,0.01,17,jump,400
7146,4096,1.74462890625,bcspwr10,0.01,18,jump,400
6797,4043,1.6811773435567647,bcspwr10,0.01,19,jump,400
6587,3963,1.6621246530406257,bcspwr10,0.01,20,jump,400
6940,4069,1.7055787662816417,bcspwr10,0.01,21,jump,400
7064,4113,1.7174811573061026,bcspwr10,0.05,17,jump,400
6684,4011,1.6664173522812267,bcspwr10,0.05,18,jump,400
7080,4143,1.7089065894279507,bcspwr10,0.05,19,jump,400
6847,4080,1.678186274509804,bcspwr10,0.05,20,jump,400
6848,4004,1.7102897102897103,bcspwr10,0.05,21,jump,400
6942,4084,1.6998041136141038,bcspwr10,0.25,17,jump,400
7277,4216,1.7260436432637571,bcspwr10,0.25,18,jump,400
6881,4090,1.6823960880195599,bcspwr10,0.25,19,jump,400
6872,4005,1.7158551810237204,bcspwr10,0.25,20,jump,400
7025,4104,1.7117446393762183,bcspwr10,0.25,21,jump,400
