matrix,N,nnz,B,rho,seed,churn_model,churn_alpha,steps,step,is_last,dirty_cols,rows_merged,rows_per_block,rows_patchable,merge
TSOPF_RS_b39_c30,60098,1079986,8,0.002,17,drift,0.5,200,0,False,256,30502,62106,,2.0361
TSOPF_RS_b39_c30,60098,1079986,8,0.002,17,drift,0.5,200,25,False,256,30532,62256,,2.039
TSOPF_RS_b39_c30,60098,1079986,8,0.002,17,drift,0.5,200,50,False,256,30532,62256,,2.039
TSOPF_RS_b39_c30,60098,1079986,8,0.002,17,drift,0.5,200,75,False,256,30526,62256,,2.0394
TSOPF_RS_b39_c30,60098,1079986,8,0.002,17,drift,0.5,200,100,False,256,30534,62302,,2.0404
TSOPF_RS_b39_c30,60098,1079986,8,0.002,17,drift,0.5,200,125,False,256,30526,62256,,2.0394
TSOPF_RS_b39_c30,60098,1079986,8,0.002,17,drift,0.5,200,150,False,256,30526,62288,,2.0405
TSOPF_RS_b39_c30,60098,1079986,8,0.002,17,drift,0.5,200,175,False,256,30534,62334,,2.0415
TSOPF_RS_b39_c30,60098,1079986,8,0.002,17,drift,0.5,200,199,True,256,30534,62334,30534,2.0415
TSOPF_RS_b39_c30,60098,1079986,8,0.002,117,drift,0.5,200,0,False,256,30502,62106,,2.0361
TSOPF_RS_b39_c30,60098,1079986,8,0.002,117,drift,0.5,200,25,False,256,30524,62188,,2.0373
TSOPF_RS_b39_c30,60098,1079986,8,0.002,117,drift,0.5,200,50,False,256,30534,62298,,2.0403
TSOPF_RS_b39_c30,60098,1079986,8,0.002,117,drift,0.5,200,75,False,256,30534,62334,,2.0415
TSOPF_RS_b39_c30,60098,1079986,8,0.002,117,drift,0.5,200,100,False,256,30542,62444,,2.0445
TSOPF_RS_b39_c30,60098,1079986,8,0.002,117,drift,0.5,200,125,False,256,30542,62444,,2.0445
TSOPF_RS_b39_c30,60098,1079986,8,0.002,117,drift,0.5,200,150,False,256,30542,62412,,2.0435
TSOPF_RS_b39_c30,60098,1079986,8,0.002,117,drift,0.5,200,175,False,256,30542,62366,,2.042
TSOPF_RS_b39_c30,60098,1079986,8,0.002,117,drift,0.5,200,199,True,256,30542,62398,30542,2.043
TSOPF_RS_b39_c30,60098,1079986,8,0.002,217,drift,0.5,200,0,False,256,30502,62106,,2.0361
TSOPF_RS_b39_c30,60098,1079986,8,0.002,217,drift,0.5,200,25,False,256,30518,62198,,2.0381
TSOPF_RS_b39_c30,60098,1079986,8,0.002,217,drift,0.5,200,50,False,256,30518,62230,,2.0391
TSOPF_RS_b39_c30,60098,1079986,8,0.002,217,drift,0.5,200,75,False,256,30526,62266,,2.0398
TSOPF_RS_b39_c30,60098,1079986,8,0.002,217,drift,0.5,200,100,False,256,30526,62298,,2.0408
TSOPF_RS_b39_c30,60098,1079986,8,0.002,217,drift,0.5,200,125,False,256,30460,61944,,2.0336
TSOPF_RS_b39_c30,60098,1079986,8,0.002,217,drift,0.5,200,150,False,256,30540,62376,,2.0424
TSOPF_RS_b39_c30,60098,1079986,8,0.002,217,drift,0.5,200,175,False,256,30540,62376,,2.0424
TSOPF_RS_b39_c30,60098,1079986,8,0.002,217,drift,0.5,200,199,True,256,30540,62376,30540,2.0424
TSOPF_RS_b39_c30,60098,1079986,8,0.01,17,drift,0.5,200,0,False,256,30502,62106,,2.0361
TSOPF_RS_b39_c30,60098,1079986,8,0.01,17,drift,0.5,200,25,False,256,30534,62366,,2.0425
TSOPF_RS_b39_c30,60098,1079986,8,0.01,17,drift,0.5,200,50,False,256,30534,62366,,2.0425
TSOPF_RS_b39_c30,60098,1079986,8,0.01,17,drift,0.5,200,75,False,256,30534,62398,,2.0436
TSOPF_RS_b39_c30,60098,1079986,8,0.01,17,drift,0.5,200,100,False,256,30542,62476,,2.0456
TSOPF_RS_b39_c30,60098,1079986,8,0.01,17,drift,0.5,200,125,False,256,30484,62094,,2.0369
TSOPF_RS_b39_c30,60098,1079986,8,0.01,17,drift,0.5,200,150,False,256,30542,62466,,2.0452
TSOPF_RS_b39_c30,60098,1079986,8,0.01,17,drift,0.5,200,175,False,256,30558,62580,,2.0479
TSOPF_RS_b39_c30,60098,1079986,8,0.01,17,drift,0.5,200,199,True,256,30324,62024,30324,2.0454
TSOPF_RS_b39_c30,60098,1079986,8,0.01,117,drift,0.5,200,0,False,256,30502,62106,,2.0361
TSOPF_RS_b39_c30,60098,1079986,8,0.01,117,drift,0.5,200,25,False,256,30534,62398,,2.0436
TSOPF_RS_b39_c30,60098,1079986,8,0.01,117,drift,0.5,200,50,False,256,30542,62430,,2.0441
TSOPF_RS_b39_c30,60098,1079986,8,0.01,117,drift,0.5,200,75,False,256,30542,62476,,2.0456
TSOPF_RS_b39_c30,60098,1079986,8,0.01,117,drift,0.5,200,100,False,256,30566,62626,,2.0489
TSOPF_RS_b39_c30,60098,1079986,8,0.01,117,drift,0.5,200,125,False,256,30508,62318,,2.0427
TSOPF_RS_b39_c30,60098,1079986,8,0.01,117,drift,0.5,200,150,False,256,30516,62300,,2.0416
TSOPF_RS_b39_c30,60098,1079986,8,0.01,117,drift,0.5,200,175,False,256,30590,62850,,2.0546
TSOPF_RS_b39_c30,60098,1079986,8,0.01,117,drift,0.5,200,199,True,256,30524,62496,30524,2.0474
TSOPF_RS_b39_c30,60098,1079986,8,0.01,217,drift,0.5,200,0,False,256,30502,62106,,2.0361
TSOPF_RS_b39_c30,60098,1079986,8,0.01,217,drift,0.5,200,25,False,256,30526,62330,,2.0419
TSOPF_RS_b39_c30,60098,1079986,8,0.01,217,drift,0.5,200,50,False,256,30554,62422,,2.043
TSOPF_RS_b39_c30,60098,1079986,8,0.01,217,drift,0.5,200,75,False,256,30558,62600,,2.0486
TSOPF_RS_b39_c30,60098,1079986,8,0.01,217,drift,0.5,200,100,False,256,30558,62632,,2.0496
TSOPF_RS_b39_c30,60098,1079986,8,0.01,217,drift,0.5,200,125,False,256,30566,62668,,2.0503
TSOPF_RS_b39_c30,60098,1079986,8,0.01,217,drift,0.5,200,150,False,256,30574,62658,,2.0494
TSOPF_RS_b39_c30,60098,1079986,8,0.01,217,drift,0.5,200,175,False,256,30582,62768,,2.0524
TSOPF_RS_b39_c30,60098,1079986,8,0.01,217,drift,0.5,200,199,True,256,30590,62846,30590,2.0545
TSOPF_RS_b39_c30,60098,1079986,8,0.05,17,drift,0.5,200,0,False,256,30502,62106,,2.0361
TSOPF_RS_b39_c30,60098,1079986,8,0.05,17,drift,0.5,200,25,False,256,30558,62544,,2.0467
TSOPF_RS_b39_c30,60098,1079986,8,0.05,17,drift,0.5,200,50,False,256,30540,62674,,2.0522
TSOPF_RS_b39_c30,60098,1079986,8,0.05,17,drift,0.5,200,75,False,256,30548,62688,,2.0521
TSOPF_RS_b39_c30,60098,1079986,8,0.05,17,drift,0.5,200,100,False,256,30572,62870,,2.0565
TSOPF_RS_b39_c30,60098,1079986,8,0.05,17,drift,0.5,200,125,False,256,30556,62629,,2.0496
TSOPF_RS_b39_c30,60098,1079986,8,0.05,17,drift,0.5,200,150,False,256,30628,63074,,2.0594
TSOPF_RS_b39_c30,60098,1079986,8,0.05,17,drift,0.5,200,175,False,256,30638,63266,,2.065
TSOPF_RS_b39_c30,60098,1079986,8,0.05,17,drift,0.5,200,199,True,256,30572,62881,30572,2.0568
TSOPF_RS_b39_c30,60098,1079986,8,0.05,117,drift,0.5,200,0,False,256,30502,62106,,2.0361
TSOPF_RS_b39_c30,60098,1079986,8,0.05,117,drift,0.5,200,25,False,256,30564,62590,,2.0478
TSOPF_RS_b39_c30,60098,1079986,8,0.05,117,drift,0.5,200,50,False,256,30590,62850,,2.0546
TSOPF_RS_b39_c30,60098,1079986,8,0.05,117,drift,0.5,200,75,False,256,30548,62688,,2.0521
TSOPF_RS_b39_c30,60098,1079986,8,0.05,117,drift,0.5,200,100,False,256,30554,62688,,2.0517
TSOPF_RS_b39_c30,60098,1079986,8,0.05,117,drift,0.5,200,125,False,256,30580,62979,,2.0595
TSOPF_RS_b39_c30,60098,1079986,8,0.05,117,drift,0.5,200,150,False,256,30662,63480,,2.0703
TSOPF_RS_b39_c30,60098,1079986,8,0.05,117,drift,0.5,200,175,False,256,30670,63586,,2.0732
TSOPF_RS_b39_c30,60098,1079986,8,0.05,117,drift,0.5,200,199,True,256,30596,63099,30596,2.0623
TSOPF_RS_b39_c30,60098,1079986,8,0.05,217,drift,0.5,200,0,False,256,30502,62106,,2.0361
TSOPF_RS_b39_c30,60098,1079986,8,0.05,217,drift,0.5,200,25,False,256,30582,62782,,2.0529
TSOPF_RS_b39_c30,60098,1079986,8,0.05,217,drift,0.5,200,50,False,256,30566,62654,,2.0498
TSOPF_RS_b39_c30,60098,1079986,8,0.05,217,drift,0.5,200,75,False,256,30598,62892,,2.0554
TSOPF_RS_b39_c30,60098,1079986,8,0.05,217,drift,0.5,200,100,False,256,30548,62720,,2.0532
TSOPF_RS_b39_c30,60098,1079986,8,0.05,217,drift,0.5,200,125,False,256,30322,62242,,2.0527
TSOPF_RS_b39_c30,60098,1079986,8,0.05,217,drift,0.5,200,150,False,256,30646,63248,,2.0638
TSOPF_RS_b39_c30,60098,1079986,8,0.05,217,drift,0.5,200,175,False,256,30622,63064,,2.0594
TSOPF_RS_b39_c30,60098,1079986,8,0.05,217,drift,0.5,200,199,True,256,30580,62817,30580,2.0542
TSOPF_RS_b39_c30,60098,1079986,8,0.25,17,drift,0.5,200,0,False,256,30502,62106,,2.0361
TSOPF_RS_b39_c30,60098,1079986,8,0.25,17,drift,0.5,200,25,False,256,30646,63398,,2.0687
TSOPF_RS_b39_c30,60098,1079986,8,0.25,17,drift,0.5,200,50,False,256,30358,62535,,2.0599
TSOPF_RS_b39_c30,60098,1079986,8,0.25,17,drift,0.5,200,75,False,256,30742,63733,,2.0732
TSOPF_RS_b39_c30,60098,1079986,8,0.25,17,drift,0.5,200,100,False,256,30658,63285,,2.0642
TSOPF_RS_b39_c30,60098,1079986,8,0.25,17,drift,0.5,200,125,False,256,30676,63328,,2.0644
TSOPF_RS_b39_c30,60098,1079986,8,0.25,17,drift,0.5,200,150,False,256,30648,63173,,2.0612
TSOPF_RS_b39_c30,60098,1079986,8,0.25,17,drift,0.5,200,175,False,256,30710,63645,,2.0725
TSOPF_RS_b39_c30,60098,1079986,8,0.25,17,drift,0.5,200,199,True,256,30668,63307,30668,2.0643
TSOPF_RS_b39_c30,60098,1079986,8,0.25,117,drift,0.5,200,0,False,256,30502,62106,,2.0361
TSOPF_RS_b39_c30,60098,1079986,8,0.25,117,drift,0.5,200,25,False,256,30564,62788,,2.0543
TSOPF_RS_b39_c30,60098,1079986,8,0.25,117,drift,0.5,200,50,False,256,30694,63412,,2.0659
TSOPF_RS_b39_c30,60098,1079986,8,0.25,117,drift,0.5,200,75,False,256,30624,63324,,2.0678
TSOPF_RS_b39_c30,60098,1079986,8,0.25,117,drift,0.5,200,100,False,256,30738,63762,,2.0744
TSOPF_RS_b39_c30,60098,1079986,8,0.25,117,drift,0.5,200,125,False,256,30636,63315,,2.0667
TSOPF_RS_b39_c30,60098,1079986,8,0.25,117,drift,0.5,200,150,False,256,30642,63086,,2.0588
TSOPF_RS_b39_c30,60098,1079986,8,0.25,117,drift,0.5,200,175,False,256,30736,63795,,2.0756
TSOPF_RS_b39_c30,60098,1079986,8,0.25,117,drift,0.5,200,199,True,256,30720,63739,30720,2.0748
TSOPF_RS_b39_c30,60098,1079986,8,0.25,217,drift,0.5,200,0,False,256,30502,62106,,2.0361
TSOPF_RS_b39_c30,60098,1079986,8,0.25,217,drift,0.5,200,25,False,256,30548,62706,,2.0527
TSOPF_RS_b39_c30,60098,1079986,8,0.25,217,drift,0.5,200,50,False,256,30575,62918,,2.0578
TSOPF_RS_b39_c30,60098,1079986,8,0.25,217,drift,0.5,200,75,False,256,30610,63018,,2.0587
TSOPF_RS_b39_c30,60098,1079986,8,0.25,217,drift,0.5,200,100,False,256,30342,62246,,2.0515
TSOPF_RS_b39_c30,60098,1079986,8,0.25,217,drift,0.5,200,125,False,256,30660,63246,,2.0628
TSOPF_RS_b39_c30,60098,1079986,8,0.25,217,drift,0.5,200,150,False,256,30578,62867,,2.056
TSOPF_RS_b39_c30,60098,1079986,8,0.25,217,drift,0.5,200,175,False,256,30628,63334,,2.0678
TSOPF_RS_b39_c30,60098,1079986,8,0.25,217,drift,0.5,200,199,True,256,30606,62984,30606,2.0579
TSOPF_RS_b39_c30,60098,1079986,8,0.002,17,jump,0.5,200,0,False,256,30502,62106,,2.0361
TSOPF_RS_b39_c30,60098,1079986,8,0.002,17,jump,0.5,200,25,False,256,30876,63002,,2.0405
TSOPF_RS_b39_c30,60098,1079986,8,0.002,17,jump,0.5,200,50,False,256,31226,63812,,2.0436
TSOPF_RS_b39_c30,60098,1079986,8,0.002,17,jump,0.5,200,75,False,256,31540,64592,,2.0479
TSOPF_RS_b39_c30,60098,1079986,8,0.002,17,jump,0.5,200,100,False,256,31686,64608,,2.039
TSOPF_RS_b39_c30,60098,1079986,8,0.002,17,jump,0.5,200,125,False,256,31958,65330,,2.0442
TSOPF_RS_b39_c30,60098,1079986,8,0.002,17,jump,0.5,200,150,False,256,32234,65966,,2.0465
TSOPF_RS_b39_c30,60098,1079986,8,0.002,17,jump,0.5,200,175,False,256,32370,66256,,2.0468
TSOPF_RS_b39_c30,60098,1079986,8,0.002,17,jump,0.5,200,199,True,256,32552,66724,32552,2.0498
TSOPF_RS_b39_c30,60098,1079986,8,0.002,117,jump,0.5,200,0,False,256,30502,62106,,2.0361
TSOPF_RS_b39_c30,60098,1079986,8,0.002,117,jump,0.5,200,25,False,256,30862,62932,,2.0391
TSOPF_RS_b39_c30,60098,1079986,8,0.002,117,jump,0.5,200,50,False,256,31212,63694,,2.0407
TSOPF_RS_b39_c30,60098,1079986,8,0.002,117,jump,0.5,200,75,False,256,31490,64358,,2.0438
TSOPF_RS_b39_c30,60098,1079986,8,0.002,117,jump,0.5,200,100,False,256,31760,64962,,2.0454
TSOPF_RS_b39_c30,60098,1079986,8,0.002,117,jump,0.5,200,125,False,256,32048,65612,,2.0473
TSOPF_RS_b39_c30,60098,1079986,8,0.002,117,jump,0.5,200,150,False,256,32238,66196,,2.0534
TSOPF_RS_b39_c30,60098,1079986,8,0.002,117,jump,0.5,200,175,False,256,32488,66834,,2.0572
TSOPF_RS_b39_c30,60098,1079986,8,0.002,117,jump,0.5,200,199,True,256,32690,67322,32690,2.0594
TSOPF_RS_b39_c30,60098,1079986,8,0.002,217,jump,0.5,200,0,False,256,30502,62106,,2.0361
TSOPF_RS_b39_c30,60098,1079986,8,0.002,217,jump,0.5,200,25,False,256,30900,63000,,2.0388
TSOPF_RS_b39_c30,60098,1079986,8,0.002,217,jump,0.5,200,50,False,256,31246,63842,,2.0432
TSOPF_RS_b39_c30,60098,1079986,8,0.002,217,jump,0.5,200,75,False,256,31544,64532,,2.0458
TSOPF_RS_b39_c30,60098,1079986,8,0.002,217,jump,0.5,200,100,False,256,31792,65122,,2.0484
TSOPF_RS_b39_c30,60098,1079986,8,0.002,217,jump,0.5,200,125,False,256,31968,65332,,2.0437
TSOPF_RS_b39_c30,60098,1079986,8,0.002,217,jump,0.5,200,150,False,256,32152,65818,,2.0471
TSOPF_RS_b39_c30,60098,1079986,8,0.002,217,jump,0.5,200,175,False,256,32332,66254,,2.0492
TSOPF_RS_b39_c30,60098,1079986,8,0.002,217,jump,0.5,200,199,True,256,32508,66696,32508,2.0517
TSOPF_RS_b39_c30,60098,1079986,8,0.01,17,jump,0.5,200,0,False,256,30502,62106,,2.0361
TSOPF_RS_b39_c30,60098,1079986,8,0.01,17,jump,0.5,200,25,False,256,31450,64268,,2.0435
TSOPF_RS_b39_c30,60098,1079986,8,0.01,17,jump,0.5,200,50,False,256,32190,65986,,2.0499
TSOPF_RS_b39_c30,60098,1079986,8,0.01,17,jump,0.5,200,75,False,256,32714,67134,,2.0521
TSOPF_RS_b39_c30,60098,1079986,8,0.01,17,jump,0.5,200,100,False,256,33044,67627,,2.0466
TSOPF_RS_b39_c30,60098,1079986,8,0.01,17,jump,0.5,200,125,False,256,33314,68339,,2.0514
TSOPF_RS_b39_c30,60098,1079986,8,0.01,17,jump,0.5,200,150,False,256,33582,38847,,1.1568
TSOPF_RS_b39_c30,60098,1079986,8,0.01,17,jump,0.5,200,175,False,256,33812,39150,,1.1579
TSOPF_RS_b39_c30,60098,1079986,8,0.01,17,jump,0.5,200,199,True,256,33892,39460,33892,1.1643
TSOPF_RS_b39_c30,60098,1079986,8,0.01,117,jump,0.5,200,0,False,256,30502,62106,,2.0361
TSOPF_RS_b39_c30,60098,1079986,8,0.01,117,jump,0.5,200,25,False,256,31548,64580,,2.047
TSOPF_RS_b39_c30,60098,1079986,8,0.01,117,jump,0.5,200,50,False,256,32232,66286,,2.0565
TSOPF_RS_b39_c30,60098,1079986,8,0.01,117,jump,0.5,200,75,False,256,32654,37042,,1.1344
TSOPF_RS_b39_c30,60098,1079986,8,0.01,117,jump,0.5,200,100,False,256,6928,7912,,1.142
TSOPF_RS_b39_c30,60098,1079986,8,0.01,117,jump,0.5,200,125,False,256,7776,8749,,1.1251
TSOPF_RS_b39_c30,60098,1079986,8,0.01,117,jump,0.5,200,150,False,256,8204,9204,,1.1219
TSOPF_RS_b39_c30,60098,1079986,8,0.01,117,jump,0.5,200,175,False,256,7850,8970,,1.1427
TSOPF_RS_b39_c30,60098,1079986,8,0.01,117,jump,0.5,200,199,True,256,8390,9346,8390,1.1139
TSOPF_RS_b39_c30,60098,1079986,8,0.01,217,jump,0.5,200,0,False,256,30502,62106,,2.0361
TSOPF_RS_b39_c30,60098,1079986,8,0.01,217,jump,0.5,200,25,False,256,31540,64706,,2.0516
TSOPF_RS_b39_c30,60098,1079986,8,0.01,217,jump,0.5,200,50,False,256,32218,66192,,2.0545
TSOPF_RS_b39_c30,60098,1079986,8,0.01,217,jump,0.5,200,75,False,256,32710,67354,,2.0591
TSOPF_RS_b39_c30,60098,1079986,8,0.01,217,jump,0.5,200,100,False,256,32954,67869,,2.0595
TSOPF_RS_b39_c30,60098,1079986,8,0.01,217,jump,0.5,200,125,False,256,33306,68681,,2.0621
TSOPF_RS_b39_c30,60098,1079986,8,0.01,217,jump,0.5,200,150,False,256,33548,69134,,2.0607
TSOPF_RS_b39_c30,60098,1079986,8,0.01,217,jump,0.5,200,175,False,256,33479,38821,,1.1596
TSOPF_RS_b39_c30,60098,1079986,8,0.01,217,jump,0.5,200,199,True,256,8120,8936,8120,1.1005
TSOPF_RS_b39_c30,60098,1079986,8,0.05,17,jump,0.5,200,0,False,256,30502,62106,,2.0361
TSOPF_RS_b39_c30,60098,1079986,8,0.05,17,jump,0.5,200,25,False,256,33200,68544,,2.0646
TSOPF_RS_b39_c30,60098,1079986,8,0.05,17,jump,0.5,200,50,False,256,9100,9703,,1.0663
TSOPF_RS_b39_c30,60098,1079986,8,0.05,17,jump,0.5,200,75,False,256,9198,9734,,1.0583
TSOPF_RS_b39_c30,60098,1079986,8,0.05,17,jump,0.5,200,100,False,256,8876,9492,,1.0694
TSOPF_RS_b39_c30,60098,1079986,8,0.05,17,jump,0.5,200,125,False,256,8770,9336,,1.0645
TSOPF_RS_b39_c30,60098,1079986,8,0.05,17,jump,0.5,200,150,False,256,8862,9468,,1.0684
TSOPF_RS_b39_c30,60098,1079986,8,0.05,17,jump,0.5,200,175,False,256,8922,9502,,1.065
TSOPF_RS_b39_c30,60098,1079986,8,0.05,17,jump,0.5,200,199,True,256,8894,9352,8894,1.0515
TSOPF_RS_b39_c30,60098,1079986,8,0.05,117,jump,0.5,200,0,False,256,30502,62106,,2.0361
TSOPF_RS_b39_c30,60098,1079986,8,0.05,117,jump,0.5,200,25,False,256,33414,69013,,2.0654
TSOPF_RS_b39_c30,60098,1079986,8,0.05,117,jump,0.5,200,50,False,256,33936,39610,,1.1672
TSOPF_RS_b39_c30,60098,1079986,8,0.05,117,jump,0.5,200,75,False,256,8573,9157,,1.0681
TSOPF_RS_b39_c30,60098,1079986,8,0.05,117,jump,0.5,200,100,False,256,8622,9234,,1.071
TSOPF_RS_b39_c30,60098,1079986,8,0.05,117,jump,0.5,200,125,False,256,8566,9352,,1.0918
TSOPF_RS_b39_c30,60098,1079986,8,0.05,117,jump,0.5,200,150,False,256,33940,39330,,1.1588
TSOPF_RS_b39_c30,60098,1079986,8,0.05,117,jump,0.5,200,175,False,256,33838,39328,,1.1622
TSOPF_RS_b39_c30,60098,1079986,8,0.05,117,jump,0.5,200,199,True,256,33858,39102,33858,1.1549
TSOPF_RS_b39_c30,60098,1079986,8,0.05,217,jump,0.5,200,0,False,256,30502,62106,,2.0361
TSOPF_RS_b39_c30,60098,1079986,8,0.05,217,jump,0.5,200,25,False,256,33180,68368,,2.0605
TSOPF_RS_b39_c30,60098,1079986,8,0.05,217,jump,0.5,200,50,False,256,33893,39659,,1.1701
TSOPF_RS_b39_c30,60098,1079986,8,0.05,217,jump,0.5,200,75,False,256,8758,9104,,1.0395
TSOPF_RS_b39_c30,60098,1079986,8,0.05,217,jump,0.5,200,100,False,256,8561,9125,,1.0659
TSOPF_RS_b39_c30,60098,1079986,8,0.05,217,jump,0.5,200,125,False,256,9102,9584,,1.053
TSOPF_RS_b39_c30,60098,1079986,8,0.05,217,jump,0.5,200,150,False,256,33838,39156,,1.1572
TSOPF_RS_b39_c30,60098,1079986,8,0.05,217,jump,0.5,200,175,False,256,33822,39086,,1.1556
TSOPF_RS_b39_c30,60098,1079986,8,0.05,217,jump,0.5,200,199,True,256,33862,69228,33862,2.0444
TSOPF_RS_b39_c30,60098,1079986,8,0.25,17,jump,0.5,200,0,False,256,30502,62106,,2.0361
TSOPF_RS_b39_c30,60098,1079986,8,0.25,17,jump,0.5,200,25,False,256,8798,9288,,1.0557
TSOPF_RS_b39_c30,60098,1079986,8,0.25,17,jump,0.5,200,50,False,256,8866,9338,,1.0532
TSOPF_RS_b39_c30,60098,1079986,8,0.25,17,jump,0.5,200,75,False,256,8929,9393,,1.052
TSOPF_RS_b39_c30,60098,1079986,8,0.25,17,jump,0.5,200,100,False,256,8731,9395,,1.0761
TSOPF_RS_b39_c30,60098,1079986,8,0.25,17,jump,0.5,200,125,False,256,8556,9078,,1.061
TSOPF_RS_b39_c30,60098,1079986,8,0.25,17,jump,0.5,200,150,False,256,8674,9402,,1.0839
TSOPF_RS_b39_c30,60098,1079986,8,0.25,17,jump,0.5,200,175,False,256,33830,39412,,1.165
TSOPF_RS_b39_c30,60098,1079986,8,0.25,17,jump,0.5,200,199,True,256,8797,9315,8797,1.0589
TSOPF_RS_b39_c30,60098,1079986,8,0.25,117,jump,0.5,200,0,False,256,30502,62106,,2.0361
TSOPF_RS_b39_c30,60098,1079986,8,0.25,117,jump,0.5,200,25,False,256,8620,9198,,1.0671
TSOPF_RS_b39_c30,60098,1079986,8,0.25,117,jump,0.5,200,50,False,256,8785,9419,,1.0722
TSOPF_RS_b39_c30,60098,1079986,8,0.25,117,jump,0.5,200,75,False,256,8764,9290,,1.06
TSOPF_RS_b39_c30,60098,1079986,8,0.25,117,jump,0.5,200,100,False,256,8681,9148,,1.0538
TSOPF_RS_b39_c30,60098,1079986,8,0.25,117,jump,0.5,200,125,False,256,8844,9570,,1.0821
TSOPF_RS_b39_c30,60098,1079986,8,0.25,117,jump,0.5,200,150,False,256,8688,9466,,1.0895
TSOPF_RS_b39_c30,60098,1079986,8,0.25,117,jump,0.5,200,175,False,256,33872,39328,,1.1611
TSOPF_RS_b39_c30,60098,1079986,8,0.25,117,jump,0.5,200,199,True,256,8716,9190,8716,1.0544
TSOPF_RS_b39_c30,60098,1079986,8,0.25,217,jump,0.5,200,0,False,256,30502,62106,,2.0361
TSOPF_RS_b39_c30,60098,1079986,8,0.25,217,jump,0.5,200,25,False,256,8812,9318,,1.0574
TSOPF_RS_b39_c30,60098,1079986,8,0.25,217,jump,0.5,200,50,False,256,8714,9440,,1.0833
TSOPF_RS_b39_c30,60098,1079986,8,0.25,217,jump,0.5,200,75,False,256,33830,39638,,1.1717
TSOPF_RS_b39_c30,60098,1079986,8,0.25,217,jump,0.5,200,100,False,256,8714,9306,,1.0679
TSOPF_RS_b39_c30,60098,1079986,8,0.25,217,jump,0.5,200,125,False,256,8463,9203,,1.0874
TSOPF_RS_b39_c30,60098,1079986,8,0.25,217,jump,0.5,200,150,False,256,8562,9160,,1.0698
TSOPF_RS_b39_c30,60098,1079986,8,0.25,217,jump,0.5,200,175,False,256,8664,9440,,1.0896
TSOPF_RS_b39_c30,60098,1079986,8,0.25,217,jump,0.5,200,199,True,256,8680,9186,8680,1.0583
bcspwr10,5300,21842,8,0.002,17,drift,0.5,200,0,False,256,3622,6298,,1.7388
bcspwr10,5300,21842,8,0.002,17,drift,0.5,200,25,False,256,3649,6328,,1.7342
bcspwr10,5300,21842,8,0.002,17,drift,0.5,200,50,False,256,3650,6331,,1.7345
bcspwr10,5300,21842,8,0.002,17,drift,0.5,200,75,False,256,3660,6357,,1.7369
bcspwr10,5300,21842,8,0.002,17,drift,0.5,200,100,False,256,3654,6388,,1.7482
bcspwr10,5300,21842,8,0.002,17,drift,0.5,200,125,False,256,3619,6302,,1.7414
bcspwr10,5300,21842,8,0.002,17,drift,0.5,200,150,False,256,3632,6276,,1.728
bcspwr10,5300,21842,8,0.002,17,drift,0.5,200,175,False,256,3644,6345,,1.7412
bcspwr10,5300,21842,8,0.002,17,drift,0.5,200,199,True,256,3630,6261,3630,1.7248
bcspwr10,5300,21842,8,0.002,117,drift,0.5,200,0,False,256,3313,5506,,1.6619
bcspwr10,5300,21842,8,0.002,117,drift,0.5,200,25,False,256,3319,5475,,1.6496
bcspwr10,5300,21842,8,0.002,117,drift,0.5,200,50,False,256,3318,5466,,1.6474
bcspwr10,5300,21842,8,0.002,117,drift,0.5,200,75,False,256,3368,5553,,1.6488
bcspwr10,5300,21842,8,0.002,117,drift,0.5,200,100,False,256,3405,5764,,1.6928
bcspwr10,5300,21842,8,0.002,117,drift,0.5,200,125,False,256,3400,5670,,1.6676
bcspwr10,5300,21842,8,0.002,117,drift,0.5,200,150,False,256,3479,5790,,1.6643
bcspwr10,5300,21842,8,0.002,117,drift,0.5,200,175,False,256,3421,5619,,1.6425
bcspwr10,5300,21842,8,0.002,117,drift,0.5,200,199,True,256,3509,5840,3509,1.6643
bcspwr10,5300,21842,8,0.002,217,drift,0.5,200,0,False,256,3277,5574,,1.7009
bcspwr10,5300,21842,8,0.002,217,drift,0.5,200,25,False,256,3327,5653,,1.6991
bcspwr10,5300,21842,8,0.002,217,drift,0.5,200,50,False,256,3372,5775,,1.7126
bcspwr10,5300,21842,8,0.002,217,drift,0.5,200,75,False,256,3373,5756,,1.7065
bcspwr10,5300,21842,8,0.002,217,drift,0.5,200,100,False,256,3350,5676,,1.6943
bcspwr10,5300,21842,8,0.002,217,drift,0.5,200,125,False,256,3341,5680,,1.7001
bcspwr10,5300,21842,8,0.002,217,drift,0.5,200,150,False,256,3334,5602,,1.6803
bcspwr10,5300,21842,8,0.002,217,drift,0.5,200,175,False,256,3292,5543,,1.6838
bcspwr10,5300,21842,8,0.002,217,drift,0.5,200,199,True,256,3355,5643,3355,1.682
bcspwr10,5300,21842,8,0.01,17,drift,0.5,200,0,False,256,3622,6298,,1.7388
bcspwr10,5300,21842,8,0.01,17,drift,0.5,200,25,False,256,3542,6041,,1.7055
bcspwr10,5300,21842,8,0.01,17,drift,0.5,200,50,False,256,3631,6246,,1.7202
bcspwr10,5300,21842,8,0.01,17,drift,0.5,200,75,False,256,3673,6398,,1.7419
bcspwr10,5300,21842,8,0.01,17,drift,0.5,200,100,False,256,3632,6348,,1.7478
bcspwr10,5300,21842,8,0.01,17,drift,0.5,200,125,False,256,3717,6595,,1.7743
bcspwr10,5300,21842,8,0.01,17,drift,0.5,200,150,False,256,3647,6396,,1.7538
bcspwr10,5300,21842,8,0.01,17,drift,0.5,200,175,False,256,3628,6352,,1.7508
bcspwr10,5300,21842,8,0.01,17,drift,0.5,200,199,True,256,3647,6353,3647,1.742
bcspwr10,5300,21842,8,0.01,117,drift,0.5,200,0,False,256,3313,5506,,1.6619
bcspwr10,5300,21842,8,0.01,117,drift,0.5,200,25,False,256,3460,5840,,1.6879
bcspwr10,5300,21842,8,0.01,117,drift,0.5,200,50,False,256,3382,5751,,1.7005
bcspwr10,5300,21842,8,0.01,117,drift,0.5,200,75,False,256,3333,5544,,1.6634
bcspwr10,5300,21842,8,0.01,117,drift,0.5,200,100,False,256,3485,5911,,1.6961
bcspwr10,5300,21842,8,0.01,117,drift,0.5,200,125,False,256,3626,6328,,1.7452
bcspwr10,5300,21842,8,0.01,117,drift,0.5,200,150,False,256,3534,6196,,1.7533
bcspwr10,5300,21842,8,0.01,117,drift,0.5,200,175,False,256,3507,6093,,1.7374
bcspwr10,5300,21842,8,0.01,117,drift,0.5,200,199,True,256,3604,6247,3604,1.7334
bcspwr10,5300,21842,8,0.01,217,drift,0.5,200,0,False,256,3277,5574,,1.7009
bcspwr10,5300,21842,8,0.01,217,drift,0.5,200,25,False,256,3312,5634,,1.7011
bcspwr10,5300,21842,8,0.01,217,drift,0.5,200,50,False,256,3347,5680,,1.697
bcspwr10,5300,21842,8,0.01,217,drift,0.5,200,75,False,256,3357,5710,,1.7009
bcspwr10,5300,21842,8,0.01,217,drift,0.5,200,100,False,256,3448,5850,,1.6966
bcspwr10,5300,21842,8,0.01,217,drift,0.5,200,125,False,256,3456,5806,,1.68
bcspwr10,5300,21842,8,0.01,217,drift,0.5,200,150,False,256,3476,5960,,1.7146
bcspwr10,5300,21842,8,0.01,217,drift,0.5,200,175,False,256,3462,5973,,1.7253
bcspwr10,5300,21842,8,0.01,217,drift,0.5,200,199,True,256,3437,5919,3437,1.7221
bcspwr10,5300,21842,8,0.05,17,drift,0.5,200,0,False,256,3622,6298,,1.7388
bcspwr10,5300,21842,8,0.05,17,drift,0.5,200,25,False,256,3656,6481,,1.7727
bcspwr10,5300,21842,8,0.05,17,drift,0.5,200,50,False,256,3659,6325,,1.7286
bcspwr10,5300,21842,8,0.05,17,drift,0.5,200,75,False,256,3690,6374,,1.7274
bcspwr10,5300,21842,8,0.05,17,drift,0.5,200,100,False,256,3677,6413,,1.7441
bcspwr10,5300,21842,8,0.05,17,drift,0.5,200,125,False,256,3696,6558,,1.7744
bcspwr10,5300,21842,8,0.05,17,drift,0.5,200,150,False,256,3652,6350,,1.7388
bcspwr10,5300,21842,8,0.05,17,drift,0.5,200,175,False,256,3806,6841,,1.7974
bcspwr10,5300,21842,8,0.05,17,drift,0.5,200,199,True,256,3752,6696,3752,1.7846
bcspwr10,5300,21842,8,0.05,117,drift,0.5,200,0,False,256,3313,5506,,1.6619
bcspwr10,5300,21842,8,0.05,117,drift,0.5,200,25,False,256,3576,6225,,1.7408
bcspwr10,5300,21842,8,0.05,117,drift,0.5,200,50,False,256,3651,6360,,1.742
bcspwr10,5300,21842,8,0.05,117,drift,0.5,200,75,False,256,3661,6476,,1.7689
bcspwr10,5300,21842,8,0.05,117,drift,0.5,200,100,False,256,3654,6342,,1.7356
bcspwr10,5300,21842,8,0.05,117,drift,0.5,200,125,False,256,3748,6540,,1.7449
bcspwr10,5300,21842,8,0.05,117,drift,0.5,200,150,False,256,3756,6528,,1.738
bcspwr10,5300,21842,8,0.05,117,drift,0.5,200,175,False,256,3668,6429,,1.7527
bcspwr10,5300,21842,8,0.05,117,drift,0.5,200,199,True,256,3851,6530,3851,1.6957
bcspwr10,5300,21842,8,0.05,217,drift,0.5,200,0,False,256,3277,5574,,1.7009
bcspwr10,5300,21842,8,0.05,217,drift,0.5,200,25,False,256,3441,5938,,1.7257
bcspwr10,5300,21842,8,0.05,217,drift,0.5,200,50,False,256,3501,6051,,1.7284
bcspwr10,5300,21842,8,0.05,217,drift,0.5,200,75,False,256,3465,5901,,1.703
bcspwr10,5300,21842,8,0.05,217,drift,0.5,200,100,False,256,3484,5899,,1.6932
bcspwr10,5300,21842,8,0.05,217,drift,0.5,200,125,False,256,3372,5626,,1.6684
bcspwr10,5300,21842,8,0.05,217,drift,0.5,200,150,False,256,3615,6148,,1.7007
bcspwr10,5300,21842,8,0.05,217,drift,0.5,200,175,False,256,3710,6472,,1.7445
bcspwr10,5300,21842,8,0.05,217,drift,0.5,200,199,True,256,3784,6691,3784,1.7682
bcspwr10,5300,21842,8,0.25,17,drift,0.5,200,0,False,256,3622,6298,,1.7388
bcspwr10,5300,21842,8,0.25,17,drift,0.5,200,25,False,256,3629,6244,,1.7206
bcspwr10,5300,21842,8,0.25,17,drift,0.5,200,50,False,256,3657,6479,,1.7717
bcspwr10,5300,21842,8,0.25,17,drift,0.5,200,75,False,256,3830,6531,,1.7052
bcspwr10,5300,21842,8,0.25,17,drift,0.5,200,100,False,256,3850,6858,,1.7813
bcspwr10,5300,21842,8,0.25,17,drift,0.5,200,125,False,256,3866,6945,,1.7964
bcspwr10,5300,21842,8,0.25,17,drift,0.5,200,150,False,256,3899,7064,,1.8117
bcspwr10,5300,21842,8,0.25,17,drift,0.5,200,175,False,256,3774,6809,,1.8042
bcspwr10,5300,21842,8,0.25,17,drift,0.5,200,199,True,256,3786,6678,3786,1.7639
bcspwr10,5300,21842,8,0.25,117,drift,0.5,200,0,False,256,3313,5506,,1.6619
bcspwr10,5300,21842,8,0.25,117,drift,0.5,200,25,False,256,3642,6391,,1.7548
bcspwr10,5300,21842,8,0.25,117,drift,0.5,200,50,False,256,3739,6609,,1.7676
bcspwr10,5300,21842,8,0.25,117,drift,0.5,200,75,False,256,3779,6732,,1.7814
bcspwr10,5300,21842,8,0.25,117,drift,0.5,200,100,False,256,3813,6655,,1.7453
bcspwr10,5300,21842,8,0.25,117,drift,0.5,200,125,False,256,3822,6633,,1.7355
bcspwr10,5300,21842,8,0.25,117,drift,0.5,200,150,False,256,3879,7075,,1.8239
bcspwr10,5300,21842,8,0.25,117,drift,0.5,200,175,False,256,3789,6854,,1.8089
bcspwr10,5300,21842,8,0.25,117,drift,0.5,200,199,True,256,3719,6657,3719,1.79
bcspwr10,5300,21842,8,0.25,217,drift,0.5,200,0,False,256,3277,5574,,1.7009
bcspwr10,5300,21842,8,0.25,217,drift,0.5,200,25,False,256,3464,5876,,1.6963
bcspwr10,5300,21842,8,0.25,217,drift,0.5,200,50,False,256,3400,5769,,1.6968
bcspwr10,5300,21842,8,0.25,217,drift,0.5,200,75,False,256,3534,6151,,1.7405
bcspwr10,5300,21842,8,0.25,217,drift,0.5,200,100,False,256,3675,6259,,1.7031
bcspwr10,5300,21842,8,0.25,217,drift,0.5,200,125,False,256,3549,6233,,1.7563
bcspwr10,5300,21842,8,0.25,217,drift,0.5,200,150,False,256,3653,6493,,1.7774
bcspwr10,5300,21842,8,0.25,217,drift,0.5,200,175,False,256,3810,6770,,1.7769
bcspwr10,5300,21842,8,0.25,217,drift,0.5,200,199,True,256,3762,6630,3762,1.7624
bcspwr10,5300,21842,8,0.002,17,jump,0.5,200,0,False,256,3622,6298,,1.7388
bcspwr10,5300,21842,8,0.002,17,jump,0.5,200,25,False,256,3705,6329,,1.7082
bcspwr10,5300,21842,8,0.002,17,jump,0.5,200,50,False,256,3785,6486,,1.7136
bcspwr10,5300,21842,8,0.002,17,jump,0.5,200,75,False,256,3814,6607,,1.7323
bcspwr10,5300,21842,8,0.002,17,jump,0.5,200,100,False,256,3809,6621,,1.7383
bcspwr10,5300,21842,8,0.002,17,jump,0.5,200,125,False,256,3834,6656,,1.736
bcspwr10,5300,21842,8,0.002,17,jump,0.5,200,150,False,256,3882,6861,,1.7674
bcspwr10,5300,21842,8,0.002,17,jump,0.5,200,175,False,256,3894,6854,,1.7601
bcspwr10,5300,21842,8,0.002,17,jump,0.5,200,199,True,256,3926,6865,3926,1.7486
bcspwr10,5300,21842,8,0.002,117,jump,0.5,200,0,False,256,3313,5506,,1.6619
bcspwr10,5300,21842,8,0.002,117,jump,0.5,200,25,False,256,3404,5650,,1.6598
bcspwr10,5300,21842,8,0.002,117,jump,0.5,200,50,False,256,3519,5894,,1.6749
bcspwr10,5300,21842,8,0.002,117,jump,0.5,200,75,False,256,3579,5926,,1.6558
bcspwr10,5300,21842,8,0.002,117,jump,0.5,200,100,False,256,3629,5970,,1.6451
bcspwr10,5300,21842,8,0.002,117,jump,0.5,200,125,False,256,3719,6264,,1.6843
bcspwr10,5300,21842,8,0.002,117,jump,0.5,200,150,False,256,3778,6351,,1.681
bcspwr10,5300,21842,8,0.002,117,jump,0.5,200,175,False,256,3860,6442,,1.6689
bcspwr10,5300,21842,8,0.002,117,jump,0.5,200,199,True,256,3915,6591,3915,1.6835
bcspwr10,5300,21842,8,0.002,217,jump,0.5,200,0,False,256,3277,5574,,1.7009
bcspwr10,5300,21842,8,0.002,217,jump,0.5,200,25,False,256,3373,5710,,1.6929
bcspwr10,5300,21842,8,0.002,217,jump,0.5,200,50,False,256,3468,5871,,1.6929
bcspwr10,5300,21842,8,0.002,217,jump,0.5,200,75,False,256,3590,6180,,1.7214
bcspwr10,5300,21842,8,0.002,217,jump,0.5,200,100,False,256,3610,6040,,1.6731
bcspwr10,5300,21842,8,0.002,217,jump,0.5,200,125,False,256,3622,6129,,1.6922
bcspwr10,5300,21842,8,0.002,217,jump,0.5,200,150,False,256,3742,6303,,1.6844
bcspwr10,5300,21842,8,0.002,217,jump,0.5,200,175,False,256,3845,6496,,1.6895
bcspwr10,5300,21842,8,0.002,217,jump,0.5,200,199,True,256,3882,6560,3882,1.6899
bcspwr10,5300,21842,8,0.01,17,jump,0.5,200,0,False,256,3622,6298,,1.7388
bcspwr10,5300,21842,8,0.01,17,jump,0.5,200,25,False,256,3830,6596,,1.7222
bcspwr10,5300,21842,8,0.01,17,jump,0.5,200,50,False,256,3940,6644,,1.6863
bcspwr10,5300,21842,8,0.01,17,jump,0.5,200,75,False,256,3936,6584,,1.6728
bcspwr10,5300,21842,8,0.01,17,jump,0.5,200,100,False,256,4014,6955,,1.7327
bcspwr10,5300,21842,8,0.01,17,jump,0.5,200,125,False,256,4014,6915,,1.7227
bcspwr10,5300,21842,8,0.01,17,jump,0.5,200,150,False,256,4016,6854,,1.7067
bcspwr10,5300,21842,8,0.01,17,jump,0.5,200,175,False,256,4074,7055,,1.7317
bcspwr10,5300,21842,8,0.01,17,jump,0.5,200,199,True,256,4106,7147,4106,1.7406
bcspwr10,5300,21842,8,0.01,117,jump,0.5,200,0,False,256,3313,5506,,1.6619
bcspwr10,5300,21842,8,0.01,117,jump,0.5,200,25,False,256,3728,6138,,1.6465
bcspwr10,5300,21842,8,0.01,117,jump,0.5,200,50,False,256,3825,6358,,1.6622
bcspwr10,5300,21842,8,0.01,117,jump,0.5,200,75,False,256,3864,6394,,1.6548
bcspwr10,5300,21842,8,0.01,117,jump,0.5,200,100,False,256,4014,6707,,1.6709
bcspwr10,5300,21842,8,0.01,117,jump,0.5,200,125,False,256,4024,6761,,1.6802
bcspwr10,5300,21842,8,0.01,117,jump,0.5,200,150,False,256,4142,7119,,1.7187
bcspwr10,5300,21842,8,0.01,117,jump,0.5,200,175,False,256,4096,6983,,1.7048
bcspwr10,5300,21842,8,0.01,117,jump,0.5,200,199,True,256,4115,7014,4115,1.7045
bcspwr10,5300,21842,8,0.01,217,jump,0.5,200,0,False,256,3277,5574,,1.7009
bcspwr10,5300,21842,8,0.01,217,jump,0.5,200,25,False,256,3563,6058,,1.7003
bcspwr10,5300,21842,8,0.01,217,jump,0.5,200,50,False,256,3857,6617,,1.7156
bcspwr10,5300,21842,8,0.01,217,jump,0.5,200,75,False,256,3873,6480,,1.6731
bcspwr10,5300,21842,8,0.01,217,jump,0.5,200,100,False,256,3904,6523,,1.6709
bcspwr10,5300,21842,8,0.01,217,jump,0.5,200,125,False,256,4052,6877,,1.6972
bcspwr10,5300,21842,8,0.01,217,jump,0.5,200,150,False,256,4026,6933,,1.7221
bcspwr10,5300,21842,8,0.01,217,jump,0.5,200,175,False,256,4033,6829,,1.6933
bcspwr10,5300,21842,8,0.01,217,jump,0.5,200,199,True,256,4057,6851,4057,1.6887
bcspwr10,5300,21842,8,0.05,17,jump,0.5,200,0,False,256,3622,6298,,1.7388
bcspwr10,5300,21842,8,0.05,17,jump,0.5,200,25,False,256,4094,7050,,1.722
bcspwr10,5300,21842,8,0.05,17,jump,0.5,200,50,False,256,3915,6401,,1.635
bcspwr10,5300,21842,8,0.05,17,jump,0.5,200,75,False,256,3879,6519,,1.6806
bcspwr10,5300,21842,8,0.05,17,jump,0.5,200,100,False,256,4047,6725,,1.6617
bcspwr10,5300,21842,8,0.05,17,jump,0.5,200,125,False,256,4121,7003,,1.6993
bcspwr10,5300,21842,8,0.05,17,jump,0.5,200,150,False,256,4003,6578,,1.6433
bcspwr10,5300,21842,8,0.05,17,jump,0.5,200,175,False,256,3985,6655,,1.67
bcspwr10,5300,21842,8,0.05,17,jump,0.5,200,199,True,256,4007,6711,4007,1.6748
bcspwr10,5300,21842,8,0.05,117,jump,0.5,200,0,False,256,3313,5506,,1.6619
bcspwr10,5300,21842,8,0.05,117,jump,0.5,200,25,False,256,3943,6692,,1.6972
bcspwr10,5300,21842,8,0.05,117,jump,0.5,200,50,False,256,3917,6564,,1.6758
bcspwr10,5300,21842,8,0.05,117,jump,0.5,200,75,False,256,4058,6847,,1.6873
bcspwr10,5300,21842,8,0.05,117,jump,0.5,200,100,False,256,3985,6508,,1.6331
bcspwr10,5300,21842,8,0.05,117,jump,0.5,200,125,False,256,3943,6545,,1.6599
bcspwr10,5300,21842,8,0.05,117,jump,0.5,200,150,False,256,3970,6659,,1.6773
bcspwr10,5300,21842,8,0.05,117,jump,0.5,200,175,False,256,4024,6606,,1.6417
bcspwr10,5300,21842,8,0.05,117,jump,0.5,200,199,True,256,4074,6876,4074,1.6878
bcspwr10,5300,21842,8,0.05,217,jump,0.5,200,0,False,256,3277,5574,,1.7009
bcspwr10,5300,21842,8,0.05,217,jump,0.5,200,25,False,256,3882,6511,,1.6772
bcspwr10,5300,21842,8,0.05,217,jump,0.5,200,50,False,256,4094,6881,,1.6808
bcspwr10,5300,21842,8,0.05,217,jump,0.5,200,75,False,256,4123,6956,,1.6871
bcspwr10,5300,21842,8,0.05,217,jump,0.5,200,100,False,256,4070,6887,,1.6921
bcspwr10,5300,21842,8,0.05,217,jump,0.5,200,125,False,256,4061,6896,,1.6981
bcspwr10,5300,21842,8,0.05,217,jump,0.5,200,150,False,256,4054,6766,,1.669
bcspwr10,5300,21842,8,0.05,217,jump,0.5,200,175,False,256,4091,6888,,1.6837
bcspwr10,5300,21842,8,0.05,217,jump,0.5,200,199,True,256,3985,6625,3985,1.6625
bcspwr10,5300,21842,8,0.25,17,jump,0.5,200,0,False,256,3622,6298,,1.7388
bcspwr10,5300,21842,8,0.25,17,jump,0.5,200,25,False,256,4114,6725,,1.6347
bcspwr10,5300,21842,8,0.25,17,jump,0.5,200,50,False,256,4089,7119,,1.741
bcspwr10,5300,21842,8,0.25,17,jump,0.5,200,75,False,256,4088,6855,,1.6769
bcspwr10,5300,21842,8,0.25,17,jump,0.5,200,100,False,256,4054,6828,,1.6843
bcspwr10,5300,21842,8,0.25,17,jump,0.5,200,125,False,256,4034,6910,,1.7129
bcspwr10,5300,21842,8,0.25,17,jump,0.5,200,150,False,256,4116,6924,,1.6822
bcspwr10,5300,21842,8,0.25,17,jump,0.5,200,175,False,256,3983,6638,,1.6666
bcspwr10,5300,21842,8,0.25,17,jump,0.5,200,199,True,256,4079,6880,4079,1.6867
bcspwr10,5300,21842,8,0.25,117,jump,0.5,200,0,False,256,3313,5506,,1.6619
bcspwr10,5300,21842,8,0.25,117,jump,0.5,200,25,False,256,4030,6767,,1.6792
bcspwr10,5300,21842,8,0.25,117,jump,0.5,200,50,False,256,4087,6802,,1.6643
bcspwr10,5300,21842,8,0.25,117,jump,0.5,200,75,False,256,4043,6742,,1.6676
bcspwr10,5300,21842,8,0.25,117,jump,0.5,200,100,False,256,4057,6909,,1.703
bcspwr10,5300,21842,8,0.25,117,jump,0.5,200,125,False,256,3996,6557,,1.6409
bcspwr10,5300,21842,8,0.25,117,jump,0.5,200,150,False,256,4048,6642,,1.6408
bcspwr10,5300,21842,8,0.25,117,jump,0.5,200,175,False,256,4065,6810,,1.6753
bcspwr10,5300,21842,8,0.25,117,jump,0.5,200,199,True,256,4090,7057,4090,1.7254
bcspwr10,5300,21842,8,0.25,217,jump,0.5,200,0,False,256,3277,5574,,1.7009
bcspwr10,5300,21842,8,0.25,217,jump,0.5,200,25,False,256,4130,7119,,1.7237
bcspwr10,5300,21842,8,0.25,217,jump,0.5,200,50,False,256,4084,6906,,1.691
bcspwr10,5300,21842,8,0.25,217,jump,0.5,200,75,False,256,4149,7146,,1.7223
bcspwr10,5300,21842,8,0.25,217,jump,0.5,200,100,False,256,4141,7048,,1.702
bcspwr10,5300,21842,8,0.25,217,jump,0.5,200,125,False,256,4008,6642,,1.6572
bcspwr10,5300,21842,8,0.25,217,jump,0.5,200,150,False,256,4091,7025,,1.7172
bcspwr10,5300,21842,8,0.25,217,jump,0.5,200,175,False,256,4055,6905,,1.7028
bcspwr10,5300,21842,8,0.25,217,jump,0.5,200,199,True,256,4135,7018,4135,1.6972
ct20stif,52329,2600295,8,0.002,17,drift,0.5,200,0,False,256,1371,5557,,4.0532
ct20stif,52329,2600295,8,0.002,17,drift,0.5,200,25,False,256,1651,6480,,3.9249
ct20stif,52329,2600295,8,0.002,17,drift,0.5,200,50,False,256,1737,6748,,3.8849
ct20stif,52329,2600295,8,0.002,17,drift,0.5,200,75,False,256,1737,6724,,3.871
ct20stif,52329,2600295,8,0.002,17,drift,0.5,200,100,False,256,1815,7160,,3.9449
ct20stif,52329,2600295,8,0.002,17,drift,0.5,200,125,False,256,1883,7450,,3.9565
ct20stif,52329,2600295,8,0.002,17,drift,0.5,200,150,False,256,1896,7167,,3.7801
ct20stif,52329,2600295,8,0.002,17,drift,0.5,200,175,False,256,1920,7313,,3.8089
ct20stif,52329,2600295,8,0.002,17,drift,0.5,200,199,True,256,1892,7058,1892,3.7304
ct20stif,52329,2600295,8,0.002,117,drift,0.5,200,0,False,256,1146,4766,,4.1588
ct20stif,52329,2600295,8,0.002,117,drift,0.5,200,25,False,256,1276,5366,,4.2053
ct20stif,52329,2600295,8,0.002,117,drift,0.5,200,50,False,256,1329,5532,,4.1625
ct20stif,52329,2600295,8,0.002,117,drift,0.5,200,75,False,256,1471,6076,,4.1305
ct20stif,52329,2600295,8,0.002,117,drift,0.5,200,100,False,256,1493,6100,,4.0857
ct20stif,52329,2600295,8,0.002,117,drift,0.5,200,125,False,256,1527,6477,,4.2417
ct20stif,52329,2600295,8,0.002,117,drift,0.5,200,150,False,256,1533,6399,,4.1742
ct20stif,52329,2600295,8,0.002,117,drift,0.5,200,175,False,256,1562,6451,,4.13
ct20stif,52329,2600295,8,0.002,117,drift,0.5,200,199,True,256,1614,6588,1614,4.0818
ct20stif,52329,2600295,8,0.002,217,drift,0.5,200,0,False,256,1513,6109,,4.0377
ct20stif,52329,2600295,8,0.002,217,drift,0.5,200,25,False,256,1737,6692,,3.8526
ct20stif,52329,2600295,8,0.002,217,drift,0.5,200,50,False,256,1837,7240,,3.9412
ct20stif,52329,2600295,8,0.002,217,drift,0.5,200,75,False,256,1841,7505,,4.0766
ct20stif,52329,2600295,8,0.002,217,drift,0.5,200,100,False,256,1912,7892,,4.1276
ct20stif,52329,2600295,8,0.002,217,drift,0.5,200,125,False,256,1998,8076,,4.042
ct20stif,52329,2600295,8,0.002,217,drift,0.5,200,150,False,256,2037,8478,,4.162
ct20stif,52329,2600295,8,0.002,217,drift,0.5,200,175,False,256,2139,8622,,4.0309
ct20stif,52329,2600295,8,0.002,217,drift,0.5,200,199,True,256,2206,8594,2206,3.8957
ct20stif,52329,2600295,8,0.01,17,drift,0.5,200,0,False,256,1371,5557,,4.0532
ct20stif,52329,2600295,8,0.01,17,drift,0.5,200,25,False,256,1485,6430,,4.33
ct20stif,52329,2600295,8,0.01,17,drift,0.5,200,50,False,256,1675,7157,,4.2728
ct20stif,52329,2600295,8,0.01,17,drift,0.5,200,75,False,256,1785,7557,,4.2336
ct20stif,52329,2600295,8,0.01,17,drift,0.5,200,100,False,256,1864,7524,,4.0365
ct20stif,52329,2600295,8,0.01,17,drift,0.5,200,125,False,256,2046,7710,,3.7683
ct20stif,52329,2600295,8,0.01,17,drift,0.5,200,150,False,256,2070,8082,,3.9043
ct20stif,52329,2600295,8,0.01,17,drift,0.5,200,175,False,256,2096,8474,,4.0429
ct20stif,52329,2600295,8,0.01,17,drift,0.5,200,199,True,256,2089,8373,2089,4.0081
ct20stif,52329,2600295,8,0.01,117,drift,0.5,200,0,False,256,1146,4766,,4.1588
ct20stif,52329,2600295,8,0.01,117,drift,0.5,200,25,False,256,1292,5477,,4.2392
ct20stif,52329,2600295,8,0.01,117,drift,0.5,200,50,False,256,1534,6543,,4.2653
ct20stif,52329,2600295,8,0.01,117,drift,0.5,200,75,False,256,1427,6679,,4.6804
ct20stif,52329,2600295,8,0.01,117,drift,0.5,200,100,False,256,1708,7242,,4.24
ct20stif,52329,2600295,8,0.01,117,drift,0.5,200,125,False,256,1804,7730,,4.2849
ct20stif,52329,2600295,8,0.01,117,drift,0.5,200,150,False,256,2119,8303,,3.9184
ct20stif,52329,2600295,8,0.01,117,drift,0.5,200,175,False,256,2056,7902,,3.8434
ct20stif,52329,2600295,8,0.01,117,drift,0.5,200,199,True,256,2137,8012,2137,3.7492
ct20stif,52329,2600295,8,0.01,217,drift,0.5,200,0,False,256,1513,6109,,4.0377
ct20stif,52329,2600295,8,0.01,217,drift,0.5,200,25,False,256,1853,7741,,4.1775
ct20stif,52329,2600295,8,0.01,217,drift,0.5,200,50,False,256,1882,7756,,4.1211
ct20stif,52329,2600295,8,0.01,217,drift,0.5,200,75,False,256,1852,7839,,4.2327
ct20stif,52329,2600295,8,0.01,217,drift,0.5,200,100,False,256,2039,8655,,4.2447
ct20stif,52329,2600295,8,0.01,217,drift,0.5,200,125,False,256,2217,8910,,4.0189
ct20stif,52329,2600295,8,0.01,217,drift,0.5,200,150,False,256,2192,9002,,4.1068
ct20stif,52329,2600295,8,0.01,217,drift,0.5,200,175,False,256,2297,8831,,3.8446
ct20stif,52329,2600295,8,0.01,217,drift,0.5,200,199,True,256,2584,9121,2584,3.5298
ct20stif,52329,2600295,8,0.05,17,drift,0.5,200,0,False,256,1371,5557,,4.0532
ct20stif,52329,2600295,8,0.05,17,drift,0.5,200,25,False,256,1760,8075,,4.5881
ct20stif,52329,2600295,8,0.05,17,drift,0.5,200,50,False,256,1951,8359,,4.2845
ct20stif,52329,2600295,8,0.05,17,drift,0.5,200,75,False,256,2248,8578,,3.8158
ct20stif,52329,2600295,8,0.05,17,drift,0.5,200,100,False,256,2270,8769,,3.863
ct20stif,52329,2600295,8,0.05,17,drift,0.5,200,125,False,256,2040,8091,,3.9662
ct20stif,52329,2600295,8,0.05,17,drift,0.5,200,150,False,256,2382,8542,,3.5861
ct20stif,52329,2600295,8,0.05,17,drift,0.5,200,175,False,256,2798,9715,,3.4721
ct20stif,52329,2600295,8,0.05,17,drift,0.5,200,199,True,256,2835,8933,2835,3.151
ct20stif,52329,2600295,8,0.05,117,drift,0.5,200,0,False,256,1146,4766,,4.1588
ct20stif,52329,2600295,8,0.05,117,drift,0.5,200,25,False,256,1617,6545,,4.0476
ct20stif,52329,2600295,8,0.05,117,drift,0.5,200,50,False,256,2044,7316,,3.5793
ct20stif,52329,2600295,8,0.05,117,drift,0.5,200,75,False,256,2324,8874,,3.8184
ct20stif,52329,2600295,8,0.05,117,drift,0.5,200,100,False,256,2377,8273,,3.4804
ct20stif,52329,2600295,8,0.05,117,drift,0.5,200,125,False,256,2512,8509,,3.3873
ct20stif,52329,2600295,8,0.05,117,drift,0.5,200,150,False,256,2597,8978,,3.4571
ct20stif,52329,2600295,8,0.05,117,drift,0.5,200,175,False,256,2714,8697,,3.2045
ct20stif,52329,2600295,8,0.05,117,drift,0.5,200,199,True,256,2972,8923,2972,3.0024
ct20stif,52329,2600295,8,0.05,217,drift,0.5,200,0,False,256,1513,6109,,4.0377
ct20stif,52329,2600295,8,0.05,217,drift,0.5,200,25,False,256,1697,8167,,4.8126
ct20stif,52329,2600295,8,0.05,217,drift,0.5,200,50,False,256,2033,8617,,4.2386
ct20stif,52329,2600295,8,0.05,217,drift,0.5,200,75,False,256,2057,8426,,4.0963
ct20stif,52329,2600295,8,0.05,217,drift,0.5,200,100,False,256,2278,9091,,3.9908
ct20stif,52329,2600295,8,0.05,217,drift,0.5,200,125,False,256,3161,10814,,3.4211
ct20stif,52329,2600295,8,0.05,217,drift,0.5,200,150,False,256,3007,9315,,3.0978
ct20stif,52329,2600295,8,0.05,217,drift,0.5,200,175,False,256,2554,8524,,3.3375
ct20stif,52329,2600295,8,0.05,217,drift,0.5,200,199,True,256,2497,8931,2497,3.5767
ct20stif,52329,2600295,8,0.25,17,drift,0.5,200,0,False,256,1371,5557,,4.0532
ct20stif,52329,2600295,8,0.25,17,drift,0.5,200,25,False,256,3026,9522,,3.1467
ct20stif,52329,2600295,8,0.25,17,drift,0.5,200,50,False,256,2768,8119,,2.9332
ct20stif,52329,2600295,8,0.25,17,drift,0.5,200,75,False,256,2540,7817,,3.0776
ct20stif,52329,2600295,8,0.25,17,drift,0.5,200,100,False,256,3040,9180,,3.0197
ct20stif,52329,2600295,8,0.25,17,drift,0.5,200,125,False,256,3025,10076,,3.3309
ct20stif,52329,2600295,8,0.25,17,drift,0.5,200,150,False,256,2103,8951,,4.2563
ct20stif,52329,2600295,8,0.25,17,drift,0.5,200,175,False,256,2197,8747,,3.9813
ct20stif,52329,2600295,8,0.25,17,drift,0.5,200,199,True,256,3176,9778,3176,3.0787
ct20stif,52329,2600295,8,0.25,117,drift,0.5,200,0,False,256,1146,4766,,4.1588
ct20stif,52329,2600295,8,0.25,117,drift,0.5,200,25,False,256,2635,8431,,3.1996
ct20stif,52329,2600295,8,0.25,117,drift,0.5,200,50,False,256,2654,8379,,3.1571
ct20stif,52329,2600295,8,0.25,117,drift,0.5,200,75,False,256,2244,8043,,3.5842
ct20stif,52329,2600295,8,0.25,117,drift,0.5,200,100,False,256,2365,8324,,3.5197
ct20stif,52329,2600295,8,0.25,117,drift,0.5,200,125,False,256,1687,7130,,4.2264
ct20stif,52329,2600295,8,0.25,117,drift,0.5,200,150,False,256,2338,7959,,3.4042
ct20stif,52329,2600295,8,0.25,117,drift,0.5,200,175,False,256,2478,8603,,3.4718
ct20stif,52329,2600295,8,0.25,117,drift,0.5,200,199,True,256,1905,7638,1905,4.0094
ct20stif,52329,2600295,8,0.25,217,drift,0.5,200,0,False,256,1513,6109,,4.0377
ct20stif,52329,2600295,8,0.25,217,drift,0.5,200,25,False,256,2033,8143,,4.0054
ct20stif,52329,2600295,8,0.25,217,drift,0.5,200,50,False,256,2225,8482,,3.8121
ct20stif,52329,2600295,8,0.25,217,drift,0.5,200,75,False,256,1727,8541,,4.9456
ct20stif,52329,2600295,8,0.25,217,drift,0.5,200,100,False,256,1955,6943,,3.5514
ct20stif,52329,2600295,8,0.25,217,drift,0.5,200,125,False,256,2072,7752,,3.7413
ct20stif,52329,2600295,8,0.25,217,drift,0.5,200,150,False,256,2670,9564,,3.582
ct20stif,52329,2600295,8,0.25,217,drift,0.5,200,175,False,256,2509,9445,,3.7644
ct20stif,52329,2600295,8,0.25,217,drift,0.5,200,199,True,256,2871,9123,2871,3.1776
ct20stif,52329,2600295,8,0.002,17,jump,0.5,200,0,False,256,1371,5557,,4.0532
ct20stif,52329,2600295,8,0.002,17,jump,0.5,200,25,False,256,3649,7772,,2.1299
ct20stif,52329,2600295,8,0.002,17,jump,0.5,200,50,False,256,5334,9547,,1.7898
ct20stif,52329,2600295,8,0.002,17,jump,0.5,200,75,False,256,7010,11416,,1.6285
ct20stif,52329,2600295,8,0.002,17,jump,0.5,200,100,False,256,8433,13020,,1.5439
ct20stif,52329,2600295,8,0.002,17,jump,0.5,200,125,False,256,9540,14131,,1.4812
ct20stif,52329,2600295,8,0.002,17,jump,0.5,200,150,False,256,10136,14755,,1.4557
ct20stif,52329,2600295,8,0.002,17,jump,0.5,200,175,False,256,11056,15943,,1.442
ct20stif,52329,2600295,8,0.002,17,jump,0.5,200,199,True,256,12111,16998,12111,1.4035
ct20stif,52329,2600295,8,0.002,117,jump,0.5,200,0,False,256,1146,4766,,4.1588
ct20stif,52329,2600295,8,0.002,117,jump,0.5,200,25,False,256,2842,6554,,2.3061
ct20stif,52329,2600295,8,0.002,117,jump,0.5,200,50,False,256,4243,8043,,1.8956
ct20stif,52329,2600295,8,0.002,117,jump,0.5,200,75,False,256,5996,9864,,1.6451
ct20stif,52329,2600295,8,0.002,117,jump,0.5,200,100,False,256,7166,11160,,1.5574
ct20stif,52329,2600295,8,0.002,117,jump,0.5,200,125,False,256,8212,12436,,1.5144
ct20stif,52329,2600295,8,0.002,117,jump,0.5,200,150,False,256,9361,13607,,1.4536
ct20stif,52329,2600295,8,0.002,117,jump,0.5,200,175,False,256,10312,14579,,1.4138
ct20stif,52329,2600295,8,0.002,117,jump,0.5,200,199,True,256,11412,16033,11412,1.4049
ct20stif,52329,2600295,8,0.002,217,jump,0.5,200,0,False,256,1513,6109,,4.0377
ct20stif,52329,2600295,8,0.002,217,jump,0.5,200,25,False,256,3610,8151,,2.2579
ct20stif,52329,2600295,8,0.002,217,jump,0.5,200,50,False,256,5307,10102,,1.9035
ct20stif,52329,2600295,8,0.002,217,jump,0.5,200,75,False,256,6921,11753,,1.6982
ct20stif,52329,2600295,8,0.002,217,jump,0.5,200,100,False,256,8343,13323,,1.5969
ct20stif,52329,2600295,8,0.002,217,jump,0.5,200,125,False,256,9014,14096,,1.5638
ct20stif,52329,2600295,8,0.002,217,jump,0.5,200,150,False,256,10244,15395,,1.5028
ct20stif,52329,2600295,8,0.002,217,jump,0.5,200,175,False,256,11359,16615,,1.4627
ct20stif,52329,2600295,8,0.002,217,jump,0.5,200,199,True,256,11906,17251,11906,1.4489
ct20stif,52329,2600295,8,0.01,17,jump,0.5,200,0,False,256,1371,5557,,4.0532
ct20stif,52329,2600295,8,0.01,17,jump,0.5,200,25,False,256,6692,11069,,1.6541
ct20stif,52329,2600295,8,0.01,17,jump,0.5,200,50,False,256,10406,15272,,1.4676
ct20stif,52329,2600295,8,0.01,17,jump,0.5,200,75,False,256,12978,18592,,1.4326
ct20stif,52329,2600295,8,0.01,17,jump,0.5,200,100,False,256,14356,19861,,1.3835
ct20stif,52329,2600295,8,0.01,17,jump,0.5,200,125,False,256,15488,21115,,1.3633
ct20stif,52329,2600295,8,0.01,17,jump,0.5,200,150,False,256,16314,21744,,1.3328
ct20stif,52329,2600295,8,0.01,17,jump,0.5,200,175,False,256,16971,21681,,1.2775
ct20stif,52329,2600295,8,0.01,17,jump,0.5,200,199,True,256,17395,21834,17395,1.2552
ct20stif,52329,2600295,8,0.01,117,jump,0.5,200,0,False,256,1146,4766,,4.1588
ct20stif,52329,2600295,8,0.01,117,jump,0.5,200,25,False,256,6342,10266,,1.6187
ct20stif,52329,2600295,8,0.01,117,jump,0.5,200,50,False,256,9985,14261,,1.4282
ct20stif,52329,2600295,8,0.01,117,jump,0.5,200,75,False,256,11958,16921,,1.415
ct20stif,52329,2600295,8,0.01,117,jump,0.5,200,100,False,256,13280,18365,,1.3829
ct20stif,52329,2600295,8,0.01,117,jump,0.5,200,125,False,256,14685,19583,,1.3335
ct20stif,52329,2600295,8,0.01,117,jump,0.5,200,150,False,256,16024,20998,,1.3104
ct20stif,52329,2600295,8,0.01,117,jump,0.5,200,175,False,256,17058,22254,,1.3046
ct20stif,52329,2600295,8,0.01,117,jump,0.5,200,199,True,256,16828,21912,16828,1.3021
ct20stif,52329,2600295,8,0.01,217,jump,0.5,200,0,False,256,1513,6109,,4.0377
ct20stif,52329,2600295,8,0.01,217,jump,0.5,200,25,False,256,6928,11805,,1.704
ct20stif,52329,2600295,8,0.01,217,jump,0.5,200,50,False,256,10551,16158,,1.5314
ct20stif,52329,2600295,8,0.01,217,jump,0.5,200,75,False,256,12802,18074,,1.4118
ct20stif,52329,2600295,8,0.01,217,jump,0.5,200,100,False,256,13891,19335,,1.3919
ct20stif,52329,2600295,8,0.01,217,jump,0.5,200,125,False,256,15344,20796,,1.3553
ct20stif,52329,2600295,8,0.01,217,jump,0.5,200,150,False,256,16003,21421,,1.3386
ct20stif,52329,2600295,8,0.01,217,jump,0.5,200,175,False,256,16956,21890,,1.291
ct20stif,52329,2600295,8,0.01,217,jump,0.5,200,199,True,256,17044,21791,17044,1.2785
ct20stif,52329,2600295,8,0.05,17,jump,0.5,200,0,False,256,1371,5557,,4.0532
ct20stif,52329,2600295,8,0.05,17,jump,0.5,200,25,False,256,14208,19242,,1.3543
ct20stif,52329,2600295,8,0.05,17,jump,0.5,200,50,False,256,17573,22334,,1.2709
ct20stif,52329,2600295,8,0.05,17,jump,0.5,200,75,False,256,17650,22850,,1.2946
ct20stif,52329,2600295,8,0.05,17,jump,0.5,200,100,False,256,18218,22272,,1.2225
ct20stif,52329,2600295,8,0.05,17,jump,0.5,200,125,False,256,18066,21902,,1.2123
ct20stif,52329,2600295,8,0.05,17,jump,0.5,200,150,False,256,18697,22469,,1.2017
ct20stif,52329,2600295,8,0.05,17,jump,0.5,200,175,False,256,18187,22651,,1.2455
ct20stif,52329,2600295,8,0.05,17,jump,0.5,200,199,True,256,18144,22067,18144,1.2162
ct20stif,52329,2600295,8,0.05,117,jump,0.5,200,0,False,256,1146,4766,,4.1588
ct20stif,52329,2600295,8,0.05,117,jump,0.5,200,25,False,256,14452,19339,,1.3382
ct20stif,52329,2600295,8,0.05,117,jump,0.5,200,50,False,256,16826,21704,,1.2899
ct20stif,52329,2600295,8,0.05,117,jump,0.5,200,75,False,256,18055,21871,,1.2114
ct20stif,52329,2600295,8,0.05,117,jump,0.5,200,100,False,256,17777,21613,,1.2158
ct20stif,52329,2600295,8,0.05,117,jump,0.5,200,125,False,256,18173,22200,,1.2216
ct20stif,52329,2600295,8,0.05,117,jump,0.5,200,150,False,256,17982,21569,,1.1995
ct20stif,52329,2600295,8,0.05,117,jump,0.5,200,175,False,256,17881,21459,,1.2001
ct20stif,52329,2600295,8,0.05,117,jump,0.5,200,199,True,256,17665,21874,17665,1.2383
ct20stif,52329,2600295,8,0.05,217,jump,0.5,200,0,False,256,1513,6109,,4.0377
ct20stif,52329,2600295,8,0.05,217,jump,0.5,200,25,False,256,14319,19969,,1.3946
ct20stif,52329,2600295,8,0.05,217,jump,0.5,200,50,False,256,18028,22849,,1.2674
ct20stif,52329,2600295,8,0.05,217,jump,0.5,200,75,False,256,17661,21482,,1.2164
ct20stif,52329,2600295,8,0.05,217,jump,0.5,200,100,False,256,17472,20932,,1.198
ct20stif,52329,2600295,8,0.05,217,jump,0.5,200,125,False,256,18013,21459,,1.1913
ct20stif,52329,2600295,8,0.05,217,jump,0.5,200,150,False,256,17751,21410,,1.2061
ct20stif,52329,2600295,8,0.05,217,jump,0.5,200,175,False,256,17584,21752,,1.237
ct20stif,52329,2600295,8,0.05,217,jump,0.5,200,199,True,256,17607,21535,17607,1.2231
ct20stif,52329,2600295,8,0.25,17,jump,0.5,200,0,False,256,1371,5557,,4.0532
ct20stif,52329,2600295,8,0.25,17,jump,0.5,200,25,False,256,17823,21698,,1.2174
ct20stif,52329,2600295,8,0.25,17,jump,0.5,200,50,False,256,17445,21509,,1.233
ct20stif,52329,2600295,8,0.25,17,jump,0.5,200,75,False,256,18215,22133,,1.2151
ct20stif,52329,2600295,8,0.25,17,jump,0.5,200,100,False,256,17956,21954,,1.2227
ct20stif,52329,2600295,8,0.25,17,jump,0.5,200,125,False,256,17324,21128,,1.2196
ct20stif,52329,2600295,8,0.25,17,jump,0.5,200,150,False,256,18392,22818,,1.2406
ct20stif,52329,2600295,8,0.25,17,jump,0.5,200,175,False,256,17535,21922,,1.2502
ct20stif,52329,2600295,8,0.25,17,jump,0.5,200,199,True,256,17693,22049,17693,1.2462
ct20stif,52329,2600295,8,0.25,117,jump,0.5,200,0,False,256,1146,4766,,4.1588
ct20stif,52329,2600295,8,0.25,117,jump,0.5,200,25,False,256,17327,20910,,1.2068
ct20stif,52329,2600295,8,0.25,117,jump,0.5,200,50,False,256,18525,22731,,1.227
ct20stif,52329,2600295,8,0.25,117,jump,0.5,200,75,False,256,17730,21339,,1.2036
ct20stif,52329,2600295,8,0.25,117,jump,0.5,200,100,False,256,18099,22215,,1.2274
ct20stif,52329,2600295,8,0.25,117,jump,0.5,200,125,False,256,17629,21363,,1.2118
ct20stif,52329,2600295,8,0.25,117,jump,0.5,200,150,False,256,17706,21784,,1.2303
ct20stif,52329,2600295,8,0.25,117,jump,0.5,200,175,False,256,17711,21887,,1.2358
ct20stif,52329,2600295,8,0.25,117,jump,0.5,200,199,True,256,18116,21892,18116,1.2084
ct20stif,52329,2600295,8,0.25,217,jump,0.5,200,0,False,256,1513,6109,,4.0377
ct20stif,52329,2600295,8,0.25,217,jump,0.5,200,25,False,256,18237,22208,,1.2177
ct20stif,52329,2600295,8,0.25,217,jump,0.5,200,50,False,256,17101,21404,,1.2516
ct20stif,52329,2600295,8,0.25,217,jump,0.5,200,75,False,256,17710,21399,,1.2083
ct20stif,52329,2600295,8,0.25,217,jump,0.5,200,100,False,256,18567,22341,,1.2033
ct20stif,52329,2600295,8,0.25,217,jump,0.5,200,125,False,256,17553,21713,,1.237
ct20stif,52329,2600295,8,0.25,217,jump,0.5,200,150,False,256,18332,21934,,1.1965
ct20stif,52329,2600295,8,0.25,217,jump,0.5,200,175,False,256,17781,21686,,1.2196
ct20stif,52329,2600295,8,0.25,217,jump,0.5,200,199,True,256,17349,21109,17349,1.2167
memplus,17758,99147,8,0.002,17,drift,0.5,200,0,False,256,8170,13904,,1.7018
memplus,17758,99147,8,0.002,17,drift,0.5,200,25,False,256,8266,14096,,1.7053
memplus,17758,99147,8,0.002,17,drift,0.5,200,50,False,256,8362,14288,,1.7087
memplus,17758,99147,8,0.002,17,drift,0.5,200,75,False,256,8394,14347,,1.7092
memplus,17758,99147,8,0.002,17,drift,0.5,200,100,False,256,8426,14389,,1.7077
memplus,17758,99147,8,0.002,17,drift,0.5,200,125,False,256,8426,14396,,1.7085
memplus,17758,99147,8,0.002,17,drift,0.5,200,150,False,256,8370,14319,,1.7108
memplus,17758,99147,8,0.002,17,drift,0.5,200,175,False,256,8373,14333,,1.7118
memplus,17758,99147,8,0.002,17,drift,0.5,200,199,True,256,8029,13580,8029,1.6914
memplus,17758,99147,8,0.002,117,drift,0.5,200,0,False,256,2395,5840,,2.4384
memplus,17758,99147,8,0.002,117,drift,0.5,200,25,False,256,5690,9915,,1.7425
memplus,17758,99147,8,0.002,117,drift,0.5,200,50,False,256,6389,10999,,1.7216
memplus,17758,99147,8,0.002,117,drift,0.5,200,75,False,256,6876,11466,,1.6675
memplus,17758,99147,8,0.002,117,drift,0.5,200,100,False,256,7107,11999,,1.6883
memplus,17758,99147,8,0.002,117,drift,0.5,200,125,False,256,7269,12519,,1.7222
memplus,17758,99147,8,0.002,117,drift,0.5,200,150,False,256,7429,13049,,1.7565
memplus,17758,99147,8,0.002,117,drift,0.5,200,175,False,256,7652,13610,,1.7786
memplus,17758,99147,8,0.002,117,drift,0.5,200,199,True,256,8050,14636,8050,1.8181
memplus,17758,99147,8,0.002,217,drift,0.5,200,0,False,256,8202,14022,,1.7096
memplus,17758,99147,8,0.002,217,drift,0.5,200,25,False,256,8361,14294,,1.7096
memplus,17758,99147,8,0.002,217,drift,0.5,200,50,False,256,8393,14397,,1.7154
memplus,17758,99147,8,0.002,217,drift,0.5,200,75,False,256,8425,14410,,1.7104
memplus,17758,99147,8,0.002,217,drift,0.5,200,100,False,256,8521,14561,,1.7088
memplus,17758,99147,8,0.002,217,drift,0.5,200,125,False,256,8521,14526,,1.7047
memplus,17758,99147,8,0.002,217,drift,0.5,200,150,False,256,8521,14527,,1.7048
memplus,17758,99147,8,0.002,217,drift,0.5,200,175,False,256,8804,14891,,1.6914
memplus,17758,99147,8,0.002,217,drift,0.5,200,199,True,256,8804,14869,8804,1.6889
memplus,17758,99147,8,0.01,17,drift,0.5,200,0,False,256,8170,13904,,1.7018
memplus,17758,99147,8,0.01,17,drift,0.5,200,25,False,256,8432,14430,,1.7113
memplus,17758,99147,8,0.01,17,drift,0.5,200,50,False,256,8527,14575,,1.7093
memplus,17758,99147,8,0.01,17,drift,0.5,200,75,False,256,8510,14544,,1.709
memplus,17758,99147,8,0.01,17,drift,0.5,200,100,False,256,8408,14414,,1.7143
memplus,17758,99147,8,0.01,17,drift,0.5,200,125,False,256,8636,14874,,1.7223
memplus,17758,99147,8,0.01,17,drift,0.5,200,150,False,256,8642,14895,,1.7236
memplus,17758,99147,8,0.01,17,drift,0.5,200,175,False,256,8095,13834,,1.709
memplus,17758,99147,8,0.01,17,drift,0.5,200,199,True,256,8095,13720,8095,1.6949
memplus,17758,99147,8,0.01,117,drift,0.5,200,0,False,256,2395,5840,,2.4384
memplus,17758,99147,8,0.01,117,drift,0.5,200,25,False,256,5177,9386,,1.813
memplus,17758,99147,8,0.01,117,drift,0.5,200,50,False,256,6216,11186,,1.7995
memplus,17758,99147,8,0.01,117,drift,0.5,200,75,False,256,7249,13178,,1.8179
memplus,17758,99147,8,0.01,117,drift,0.5,200,100,False,256,8183,15402,,1.8822
memplus,17758,99147,8,0.01,117,drift,0.5,200,125,False,256,8019,14967,,1.8664
memplus,17758,99147,8,0.01,117,drift,0.5,200,150,False,256,8449,15833,,1.8739
memplus,17758,99147,8,0.01,117,drift,0.5,200,175,False,256,8491,16126,,1.8992
memplus,17758,99147,8,0.01,117,drift,0.5,200,199,True,256,8643,16511,8643,1.9103
memplus,17758,99147,8,0.01,217,drift,0.5,200,0,False,256,8202,14022,,1.7096
memplus,17758,99147,8,0.01,217,drift,0.5,200,25,False,256,8487,14537,,1.7129
memplus,17758,99147,8,0.01,217,drift,0.5,200,50,False,256,8500,14642,,1.7226
memplus,17758,99147,8,0.01,217,drift,0.5,200,75,False,256,8568,14728,,1.719
memplus,17758,99147,8,0.01,217,drift,0.5,200,100,False,256,8604,14822,,1.7227
memplus,17758,99147,8,0.01,217,drift,0.5,200,125,False,256,8194,13835,,1.6884
memplus,17758,99147,8,0.01,217,drift,0.5,200,150,False,256,8206,13967,,1.702
memplus,17758,99147,8,0.01,217,drift,0.5,200,175,False,256,8182,13983,,1.709
memplus,17758,99147,8,0.01,217,drift,0.5,200,199,True,256,8108,13715,8108,1.6915
memplus,17758,99147,8,0.05,17,drift,0.5,200,0,False,256,8170,13904,,1.7018
memplus,17758,99147,8,0.05,17,drift,0.5,200,25,False,256,9028,15533,,1.7205
memplus,17758,99147,8,0.05,17,drift,0.5,200,50,False,256,8834,14858,,1.6819
memplus,17758,99147,8,0.05,17,drift,0.5,200,75,False,256,8863,15038,,1.6967
memplus,17758,99147,8,0.05,17,drift,0.5,200,100,False,256,8453,14242,,1.6848
memplus,17758,99147,8,0.05,17,drift,0.5,200,125,False,256,8471,14326,,1.6912
memplus,17758,99147,8,0.05,17,drift,0.5,200,150,False,256,8633,14518,,1.6817
memplus,17758,99147,8,0.05,17,drift,0.5,200,175,False,256,8547,14373,,1.6816
memplus,17758,99147,8,0.05,17,drift,0.5,200,199,True,256,8590,14349,8590,1.6704
memplus,17758,99147,8,0.05,117,drift,0.5,200,0,False,256,2395,5840,,2.4384
memplus,17758,99147,8,0.05,117,drift,0.5,200,25,False,256,8600,16423,,1.9097
memplus,17758,99147,8,0.05,117,drift,0.5,200,50,False,256,9025,16473,,1.8253
memplus,17758,99147,8,0.05,117,drift,0.5,200,75,False,256,9313,17181,,1.8448
memplus,17758,99147,8,0.05,117,drift,0.5,200,100,False,256,9191,16802,,1.8281
memplus,17758,99147,8,0.05,117,drift,0.5,200,125,False,256,9413,17446,,1.8534
memplus,17758,99147,8,0.05,117,drift,0.5,200,150,False,256,9286,16626,,1.7904
memplus,17758,99147,8,0.05,117,drift,0.5,200,175,False,256,9343,16890,,1.8078
memplus,17758,99147,8,0.05,117,drift,0.5,200,199,True,256,9202,17207,9202,1.8699
memplus,17758,99147,8,0.05,217,drift,0.5,200,0,False,256,8202,14022,,1.7096
memplus,17758,99147,8,0.05,217,drift,0.5,200,25,False,256,8665,14733,,1.7003
memplus,17758,99147,8,0.05,217,drift,0.5,200,50,False,256,8666,14767,,1.704
memplus,17758,99147,8,0.05,217,drift,0.5,200,75,False,256,8248,14004,,1.6979
memplus,17758,99147,8,0.05,217,drift,0.5,200,100,False,256,8440,14294,,1.6936
memplus,17758,99147,8,0.05,217,drift,0.5,200,125,False,256,8363,13972,,1.6707
memplus,17758,99147,8,0.05,217,drift,0.5,200,150,False,256,8397,13934,,1.6594
memplus,17758,99147,8,0.05,217,drift,0.5,200,175,False,256,8584,14357,,1.6725
memplus,17758,99147,8,0.05,217,drift,0.5,200,199,True,256,8420,14267,8420,1.6944
memplus,17758,99147,8,0.25,17,drift,0.5,200,0,False,256,8170,13904,,1.7018
memplus,17758,99147,8,0.25,17,drift,0.5,200,25,False,256,8649,14435,,1.669
memplus,17758,99147,8,0.25,17,drift,0.5,200,50,False,256,8586,14033,,1.6344
memplus,17758,99147,8,0.25,17,drift,0.5,200,75,False,256,9058,15134,,1.6708
memplus,17758,99147,8,0.25,17,drift,0.5,200,100,False,256,8794,14753,,1.6776
memplus,17758,99147,8,0.25,17,drift,0.5,200,125,False,256,9026,15142,,1.6776
memplus,17758,99147,8,0.25,17,drift,0.5,200,150,False,256,8334,13321,,1.5984
memplus,17758,99147,8,0.25,17,drift,0.5,200,175,False,256,9444,15917,,1.6854
memplus,17758,99147,8,0.25,17,drift,0.5,200,199,True,256,9958,16205,9958,1.6273
memplus,17758,99147,8,0.25,117,drift,0.5,200,0,False,256,2395,5840,,2.4384
memplus,17758,99147,8,0.25,117,drift,0.5,200,25,False,256,9191,15421,,1.6778
memplus,17758,99147,8,0.25,117,drift,0.5,200,50,False,256,9213,17406,,1.8893
memplus,17758,99147,8,0.25,117,drift,0.5,200,75,False,256,8824,14788,,1.6759
memplus,17758,99147,8,0.25,117,drift,0.5,200,100,False,256,8827,14194,,1.608
memplus,17758,99147,8,0.25,117,drift,0.5,200,125,False,256,9271,15177,,1.637
memplus,17758,99147,8,0.25,117,drift,0.5,200,150,False,256,8301,13772,,1.6591
memplus,17758,99147,8,0.25,117,drift,0.5,200,175,False,256,9162,15325,,1.6727
memplus,17758,99147,8,0.25,117,drift,0.5,200,199,True,256,8865,14765,8865,1.6655
memplus,17758,99147,8,0.25,217,drift,0.5,200,0,False,256,8202,14022,,1.7096
memplus,17758,99147,8,0.25,217,drift,0.5,200,25,False,256,9040,14829,,1.6404
memplus,17758,99147,8,0.25,217,drift,0.5,200,50,False,256,9246,15286,,1.6533
memplus,17758,99147,8,0.25,217,drift,0.5,200,75,False,256,9576,15778,,1.6477
memplus,17758,99147,8,0.25,217,drift,0.5,200,100,False,256,8936,14766,,1.6524
memplus,17758,99147,8,0.25,217,drift,0.5,200,125,False,256,8642,13918,,1.6105
memplus,17758,99147,8,0.25,217,drift,0.5,200,150,False,256,8557,13696,,1.6006
memplus,17758,99147,8,0.25,217,drift,0.5,200,175,False,256,8752,14173,,1.6194
memplus,17758,99147,8,0.25,217,drift,0.5,200,199,True,256,8545,14013,8545,1.6399
memplus,17758,99147,8,0.002,17,jump,0.5,200,0,False,256,8170,13904,,1.7018
memplus,17758,99147,8,0.002,17,jump,0.5,200,25,False,256,8380,14351,,1.7125
memplus,17758,99147,8,0.002,17,jump,0.5,200,50,False,256,8446,14399,,1.7048
memplus,17758,99147,8,0.002,17,jump,0.5,200,75,False,256,8543,14470,,1.6938
memplus,17758,99147,8,0.002,17,jump,0.5,200,100,False,256,8689,14720,,1.6941
memplus,17758,99147,8,0.002,17,jump,0.5,200,125,False,256,8660,14548,,1.6799
memplus,17758,99147,8,0.002,17,jump,0.5,200,150,False,256,8550,14359,,1.6794
memplus,17758,99147,8,0.002,17,jump,0.5,200,175,False,256,8632,14429,,1.6716
memplus,17758,99147,8,0.002,17,jump,0.5,200,199,True,256,8785,14653,8785,1.668
memplus,17758,99147,8,0.002,117,jump,0.5,200,0,False,256,2395,5840,,2.4384
memplus,17758,99147,8,0.002,117,jump,0.5,200,25,False,256,2783,6192,,2.2249
memplus,17758,99147,8,0.002,117,jump,0.5,200,50,False,256,2983,6423,,2.1532
memplus,17758,99147,8,0.002,117,jump,0.5,200,75,False,256,3204,6492,,2.0262
memplus,17758,99147,8,0.002,117,jump,0.5,200,100,False,256,3429,6616,,1.9294
memplus,17758,99147,8,0.002,117,jump,0.5,200,125,False,256,3644,6927,,1.9009
memplus,17758,99147,8,0.002,117,jump,0.5,200,150,False,256,3493,6649,,1.9035
memplus,17758,99147,8,0.002,117,jump,0.5,200,175,False,256,3671,6679,,1.8194
memplus,17758,99147,8,0.002,117,jump,0.5,200,199,True,256,3693,6670,3693,1.8061
memplus,17758,99147,8,0.002,217,jump,0.5,200,0,False,256,8202,14022,,1.7096
memplus,17758,99147,8,0.002,217,jump,0.5,200,25,False,256,8371,14410,,1.7214
memplus,17758,99147,8,0.002,217,jump,0.5,200,50,False,256,8668,14925,,1.7219
memplus,17758,99147,8,0.002,217,jump,0.5,200,75,False,256,8903,14991,,1.6838
memplus,17758,99147,8,0.002,217,jump,0.5,200,100,False,256,8594,14150,,1.6465
memplus,17758,99147,8,0.002,217,jump,0.5,200,125,False,256,8542,14045,,1.6442
memplus,17758,99147,8,0.002,217,jump,0.5,200,150,False,256,8574,14151,,1.6505
memplus,17758,99147,8,0.002,217,jump,0.5,200,175,False,256,8478,13480,,1.59
memplus,17758,99147,8,0.002,217,jump,0.5,200,199,True,256,8422,13111,8422,1.5568
memplus,17758,99147,8,0.01,17,jump,0.5,200,0,False,256,8170,13904,,1.7018
memplus,17758,99147,8,0.01,17,jump,0.5,200,25,False,256,8399,14082,,1.6766
memplus,17758,99147,8,0.01,17,jump,0.5,200,50,False,256,8744,14581,,1.6675
memplus,17758,99147,8,0.01,17,jump,0.5,200,75,False,256,8626,14240,,1.6508
memplus,17758,99147,8,0.01,17,jump,0.5,200,100,False,256,8548,13566,,1.587
memplus,17758,99147,8,0.01,17,jump,0.5,200,125,False,256,8365,12956,,1.5488
memplus,17758,99147,8,0.01,17,jump,0.5,200,150,False,256,7833,11775,,1.5033
memplus,17758,99147,8,0.01,17,jump,0.5,200,175,False,256,7414,11103,,1.4976
memplus,17758,99147,8,0.01,17,jump,0.5,200,199,True,256,6511,8984,6511,1.3798
memplus,17758,99147,8,0.01,117,jump,0.5,200,0,False,256,2395,5840,,2.4384
memplus,17758,99147,8,0.01,117,jump,0.5,200,25,False,256,3687,7531,,2.0426
memplus,17758,99147,8,0.01,117,jump,0.5,200,50,False,256,5216,8850,,1.6967
memplus,17758,99147,8,0.01,117,jump,0.5,200,75,False,256,5311,8523,,1.6048
memplus,17758,99147,8,0.01,117,jump,0.5,200,100,False,256,5287,7992,,1.5116
memplus,17758,99147,8,0.01,117,jump,0.5,200,125,False,256,5355,7839,,1.4639
memplus,17758,99147,8,0.01,117,jump,0.5,200,150,False,256,4962,7279,,1.4669
memplus,17758,99147,8,0.01,117,jump,0.5,200,175,False,256,5462,7829,,1.4334
memplus,17758,99147,8,0.01,117,jump,0.5,200,199,True,256,5257,7394,5257,1.4065
memplus,17758,99147,8,0.01,217,jump,0.5,200,0,False,256,8202,14022,,1.7096
memplus,17758,99147,8,0.01,217,jump,0.5,200,25,False,256,8550,14425,,1.6871
memplus,17758,99147,8,0.01,217,jump,0.5,200,50,False,256,8582,14272,,1.663
memplus,17758,99147,8,0.01,217,jump,0.5,200,75,False,256,8464,14194,,1.677
memplus,17758,99147,8,0.01,217,jump,0.5,200,100,False,256,8717,14408,,1.6529
memplus,17758,99147,8,0.01,217,jump,0.5,200,125,False,256,8644,13719,,1.5871
memplus,17758,99147,8,0.01,217,jump,0.5,200,150,False,256,7901,11409,,1.444
memplus,17758,99147,8,0.01,217,jump,0.5,200,175,False,256,6825,9356,,1.3708
memplus,17758,99147,8,0.01,217,jump,0.5,200,199,True,256,5966,7848,5966,1.3155
memplus,17758,99147,8,0.05,17,jump,0.5,200,0,False,256,8170,13904,,1.7018
memplus,17758,99147,8,0.05,17,jump,0.5,200,25,False,256,8284,12514,,1.5106
memplus,17758,99147,8,0.05,17,jump,0.5,200,50,False,256,6549,9029,,1.3787
memplus,17758,99147,8,0.05,17,jump,0.5,200,75,False,256,4965,6337,,1.2763
memplus,17758,99147,8,0.05,17,jump,0.5,200,100,False,256,4892,6362,,1.3005
memplus,17758,99147,8,0.05,17,jump,0.5,200,125,False,256,5484,6925,,1.2628
memplus,17758,99147,8,0.05,17,jump,0.5,200,150,False,256,5167,6671,,1.2911
memplus,17758,99147,8,0.05,17,jump,0.5,200,175,False,256,4257,5367,,1.2607
memplus,17758,99147,8,0.05,17,jump,0.5,200,199,True,256,5296,6988,5296,1.3195
memplus,17758,99147,8,0.05,117,jump,0.5,200,0,False,256,2395,5840,,2.4384
memplus,17758,99147,8,0.05,117,jump,0.5,200,25,False,256,4907,7381,,1.5042
memplus,17758,99147,8,0.05,117,jump,0.5,200,50,False,256,4988,6880,,1.3793
memplus,17758,99147,8,0.05,117,jump,0.5,200,75,False,256,4622,6101,,1.32
memplus,17758,99147,8,0.05,117,jump,0.5,200,100,False,256,4430,5660,,1.2777
memplus,17758,99147,8,0.05,117,jump,0.5,200,125,False,256,5101,6589,,1.2917
memplus,17758,99147,8,0.05,117,jump,0.5,200,150,False,256,5238,6702,,1.2795
memplus,17758,99147,8,0.05,117,jump,0.5,200,175,False,256,5212,6765,,1.298
memplus,17758,99147,8,0.05,117,jump,0.5,200,199,True,256,5496,7326,5496,1.333
memplus,17758,99147,8,0.05,217,jump,0.5,200,0,False,256,8202,14022,,1.7096
memplus,17758,99147,8,0.05,217,jump,0.5,200,25,False,256,8512,12959,,1.5224
memplus,17758,99147,8,0.05,217,jump,0.5,200,50,False,256,5375,6939,,1.291
memplus,17758,99147,8,0.05,217,jump,0.5,200,75,False,256,4546,5746,,1.264
memplus,17758,99147,8,0.05,217,jump,0.5,200,100,False,256,5518,7188,,1.3026
memplus,17758,99147,8,0.05,217,jump,0.5,200,125,False,256,5947,8207,,1.38
memplus,17758,99147,8,0.05,217,jump,0.5,200,150,False,256,5867,7801,,1.3296
memplus,17758,99147,8,0.05,217,jump,0.5,200,175,False,256,5528,7377,,1.3345
memplus,17758,99147,8,0.05,217,jump,0.5,200,199,True,256,5968,7828,5968,1.3117
memplus,17758,99147,8,0.25,17,jump,0.5,200,0,False,256,8170,13904,,1.7018
memplus,17758,99147,8,0.25,17,jump,0.5,200,25,False,256,4778,5973,,1.2501
memplus,17758,99147,8,0.25,17,jump,0.5,200,50,False,256,5001,6449,,1.2895
memplus,17758,99147,8,0.25,17,jump,0.5,200,75,False,256,5111,6358,,1.244
memplus,17758,99147,8,0.25,17,jump,0.5,200,100,False,256,4989,6511,,1.3051
memplus,17758,99147,8,0.25,17,jump,0.5,200,125,False,256,5371,7343,,1.3672
memplus,17758,99147,8,0.25,17,jump,0.5,200,150,False,256,4945,6479,,1.3102
memplus,17758,99147,8,0.25,17,jump,0.5,200,175,False,256,5959,8038,,1.3489
memplus,17758,99147,8,0.25,17,jump,0.5,200,199,True,256,5503,7132,5503,1.296
memplus,17758,99147,8,0.25,117,jump,0.5,200,0,False,256,2395,5840,,2.4384
memplus,17758,99147,8,0.25,117,jump,0.5,200,25,False,256,4621,5760,,1.2465
memplus,17758,99147,8,0.25,117,jump,0.5,200,50,False,256,5032,6319,,1.2558
memplus,17758,99147,8,0.25,117,jump,0.5,200,75,False,256,5120,6616,,1.2922
memplus,17758,99147,8,0.25,117,jump,0.5,200,100,False,256,5170,6792,,1.3137
memplus,17758,99147,8,0.25,117,jump,0.5,200,125,False,256,4459,6037,,1.3539
memplus,17758,99147,8,0.25,117,jump,0.5,200,150,False,256,4691,5905,,1.2588
memplus,17758,99147,8,0.25,117,jump,0.5,200,175,False,256,5745,7587,,1.3206
memplus,17758,99147,8,0.25,117,jump,0.5,200,199,True,256,5716,7310,5716,1.2789
memplus,17758,99147,8,0.25,217,jump,0.5,200,0,False,256,8202,14022,,1.7096
memplus,17758,99147,8,0.25,217,jump,0.5,200,25,False,256,5294,6695,,1.2646
memplus,17758,99147,8,0.25,217,jump,0.5,200,50,False,256,4255,5150,,1.2103
memplus,17758,99147,8,0.25,217,jump,0.5,200,75,False,256,5082,6727,,1.3237
memplus,17758,99147,8,0.25,217,jump,0.5,200,100,False,256,4839,6065,,1.2534
memplus,17758,99147,8,0.25,217,jump,0.5,200,125,False,256,4887,6492,,1.3284
memplus,17758,99147,8,0.25,217,jump,0.5,200,150,False,256,4473,5414,,1.2104
memplus,17758,99147,8,0.25,217,jump,0.5,200,175,False,256,4344,5542,,1.2758
memplus,17758,99147,8,0.25,217,jump,0.5,200,199,True,256,4754,6304,4754,1.326
scircuit,170998,958936,8,0.002,17,drift,0.5,200,0,False,256,1855,3376,,1.8199
scircuit,170998,958936,8,0.002,17,drift,0.5,200,25,False,256,1875,3381,,1.8032
scircuit,170998,958936,8,0.002,17,drift,0.5,200,50,False,256,2106,3856,,1.831
scircuit,170998,958936,8,0.002,17,drift,0.5,200,75,False,256,2095,3767,,1.7981
scircuit,170998,958936,8,0.002,17,drift,0.5,200,100,False,256,1994,3636,,1.8235
scircuit,170998,958936,8,0.002,17,drift,0.5,200,125,False,256,1825,3504,,1.92
scircuit,170998,958936,8,0.002,17,drift,0.5,200,150,False,256,1801,3464,,1.9234
scircuit,170998,958936,8,0.002,17,drift,0.5,200,175,False,256,1994,3741,,1.8761
scircuit,170998,958936,8,0.002,17,drift,0.5,200,199,True,256,2183,3998,2183,1.8314
scircuit,170998,958936,8,0.002,117,drift,0.5,200,0,False,256,1545,3262,,2.1113
scircuit,170998,958936,8,0.002,117,drift,0.5,200,25,False,256,1570,3402,,2.1669
scircuit,170998,958936,8,0.002,117,drift,0.5,200,50,False,256,1652,3607,,2.1834
scircuit,170998,958936,8,0.002,117,drift,0.5,200,75,False,256,1661,3665,,2.2065
scircuit,170998,958936,8,0.002,117,drift,0.5,200,100,False,256,1742,3838,,2.2032
scircuit,170998,958936,8,0.002,117,drift,0.5,200,125,False,256,1745,3884,,2.2258
scircuit,170998,958936,8,0.002,117,drift,0.5,200,150,False,256,1716,3822,,2.2273
scircuit,170998,958936,8,0.002,117,drift,0.5,200,175,False,256,1705,3827,,2.2446
scircuit,170998,958936,8,0.002,117,drift,0.5,200,199,True,256,1697,3787,1697,2.2316
scircuit,170998,958936,8,0.002,217,drift,0.5,200,0,False,256,3250,5647,,1.7375
scircuit,170998,958936,8,0.002,217,drift,0.5,200,25,False,256,3282,5906,,1.7995
scircuit,170998,958936,8,0.002,217,drift,0.5,200,50,False,256,3164,5767,,1.8227
scircuit,170998,958936,8,0.002,217,drift,0.5,200,75,False,256,3050,5477,,1.7957
scircuit,170998,958936,8,0.002,217,drift,0.5,200,100,False,256,2965,5213,,1.7582
scircuit,170998,958936,8,0.002,217,drift,0.5,200,125,False,256,3004,5306,,1.7663
scircuit,170998,958936,8,0.002,217,drift,0.5,200,150,False,256,2990,5290,,1.7692
scircuit,170998,958936,8,0.002,217,drift,0.5,200,175,False,256,2932,5180,,1.7667
scircuit,170998,958936,8,0.002,217,drift,0.5,200,199,True,256,2886,5106,2886,1.7692
scircuit,170998,958936,8,0.01,17,drift,0.5,200,0,False,256,1855,3376,,1.8199
scircuit,170998,958936,8,0.01,17,drift,0.5,200,25,False,256,1975,3669,,1.8577
scircuit,170998,958936,8,0.01,17,drift,0.5,200,50,False,256,2000,3753,,1.8765
scircuit,170998,958936,8,0.01,17,drift,0.5,200,75,False,256,1984,3798,,1.9143
scircuit,170998,958936,8,0.01,17,drift,0.5,200,100,False,256,2020,3873,,1.9173
scircuit,170998,958936,8,0.01,17,drift,0.5,200,125,False,256,1992,3754,,1.8845
scircuit,170998,958936,8,0.01,17,drift,0.5,200,150,False,256,2684,4747,,1.7686
scircuit,170998,958936,8,0.01,17,drift,0.5,200,175,False,256,2603,4610,,1.771
scircuit,170998,958936,8,0.01,17,drift,0.5,200,199,True,256,2580,4538,2580,1.7589
scircuit,170998,958936,8,0.01,117,drift,0.5,200,0,False,256,1545,3262,,2.1113
scircuit,170998,958936,8,0.01,117,drift,0.5,200,25,False,256,1598,3503,,2.1921
scircuit,170998,958936,8,0.01,117,drift,0.5,200,50,False,256,1611,3507,,2.1769
scircuit,170998,958936,8,0.01,117,drift,0.5,200,75,False,256,1714,3780,,2.2054
scircuit,170998,958936,8,0.01,117,drift,0.5,200,100,False,256,1777,3910,,2.2003
scircuit,170998,958936,8,0.01,117,drift,0.5,200,125,False,256,1742,3920,,2.2503
scircuit,170998,958936,8,0.01,117,drift,0.5,200,150,False,256,1955,4351,,2.2256
scircuit,170998,958936,8,0.01,117,drift,0.5,200,175,False,256,2055,4490,,2.1849
scircuit,170998,958936,8,0.01,117,drift,0.5,200,199,True,256,2063,4708,2063,2.2821
scircuit,170998,958936,8,0.01,217,drift,0.5,200,0,False,256,3250,5647,,1.7375
scircuit,170998,958936,8,0.01,217,drift,0.5,200,25,False,256,3160,5595,,1.7706
scircuit,170998,958936,8,0.01,217,drift,0.5,200,50,False,256,3257,6052,,1.8582
scircuit,170998,958936,8,0.01,217,drift,0.5,200,75,False,256,3159,5809,,1.8389
scircuit,170998,958936,8,0.01,217,drift,0.5,200,100,False,256,3060,5526,,1.8059
scircuit,170998,958936,8,0.01,217,drift,0.5,200,125,False,256,2914,5214,,1.7893
scircuit,170998,958936,8,0.01,217,drift,0.5,200,150,False,256,2805,5018,,1.7889
scircuit,170998,958936,8,0.01,217,drift,0.5,200,175,False,256,2877,5227,,1.8168
scircuit,170998,958936,8,0.01,217,drift,0.5,200,199,True,256,2770,5039,2770,1.8191
scircuit,170998,958936,8,0.05,17,drift,0.5,200,0,False,256,1855,3376,,1.8199
scircuit,170998,958936,8,0.05,17,drift,0.5,200,25,False,256,2945,5244,,1.7806
scircuit,170998,958936,8,0.05,17,drift,0.5,200,50,False,256,2547,4534,,1.7801
scircuit,170998,958936,8,0.05,17,drift,0.5,200,75,False,256,3025,5189,,1.7154
scircuit,170998,958936,8,0.05,17,drift,0.5,200,100,False,256,3018,5223,,1.7306
scircuit,170998,958936,8,0.05,17,drift,0.5,200,125,False,256,3463,6115,,1.7658
scircuit,170998,958936,8,0.05,17,drift,0.5,200,150,False,256,3612,6289,,1.7411
scircuit,170998,958936,8,0.05,17,drift,0.5,200,175,False,256,3836,6667,,1.738
scircuit,170998,958936,8,0.05,17,drift,0.5,200,199,True,256,3871,6583,3871,1.7006
scircuit,170998,958936,8,0.05,117,drift,0.5,200,0,False,256,1545,3262,,2.1113
scircuit,170998,958936,8,0.05,117,drift,0.5,200,25,False,256,1830,4049,,2.2126
scircuit,170998,958936,8,0.05,117,drift,0.5,200,50,False,256,2156,4625,,2.1452
scircuit,170998,958936,8,0.05,117,drift,0.5,200,75,False,256,2269,4672,,2.0591
scircuit,170998,958936,8,0.05,117,drift,0.5,200,100,False,256,2218,4833,,2.179
scircuit,170998,958936,8,0.05,117,drift,0.5,200,125,False,256,2588,5310,,2.0518
scircuit,170998,958936,8,0.05,117,drift,0.5,200,150,False,256,2333,4970,,2.1303
scircuit,170998,958936,8,0.05,117,drift,0.5,200,175,False,256,2317,5072,,2.189
scircuit,170998,958936,8,0.05,117,drift,0.5,200,199,True,256,2232,4666,2232,2.0905
scircuit,170998,958936,8,0.05,217,drift,0.5,200,0,False,256,3250,5647,,1.7375
scircuit,170998,958936,8,0.05,217,drift,0.5,200,25,False,256,3322,5968,,1.7965
scircuit,170998,958936,8,0.05,217,drift,0.5,200,50,False,256,3341,6204,,1.8569
scircuit,170998,958936,8,0.05,217,drift,0.5,200,75,False,256,3223,6073,,1.8843
scircuit,170998,958936,8,0.05,217,drift,0.5,200,100,False,256,3228,5926,,1.8358
scircuit,170998,958936,8,0.05,217,drift,0.5,200,125,False,256,2822,5433,,1.9252
scircuit,170998,958936,8,0.05,217,drift,0.5,200,150,False,256,3097,5872,,1.896
scircuit,170998,958936,8,0.05,217,drift,0.5,200,175,False,256,3036,5784,,1.9051
scircuit,170998,958936,8,0.05,217,drift,0.5,200,199,True,256,2906,5647,2906,1.9432
scircuit,170998,958936,8,0.25,17,drift,0.5,200,0,False,256,1855,3376,,1.8199
scircuit,170998,958936,8,0.25,17,drift,0.5,200,25,False,256,4047,7502,,1.8537
scircuit,170998,958936,8,0.25,17,drift,0.5,200,50,False,256,3695,6993,,1.8926
scircuit,170998,958936,8,0.25,17,drift,0.5,200,75,False,256,4232,7587,,1.7928
scircuit,170998,958936,8,0.25,17,drift,0.5,200,100,False,256,4315,7418,,1.7191
scircuit,170998,958936,8,0.25,17,drift,0.5,200,125,False,256,4395,7074,,1.6096
scircuit,170998,958936,8,0.25,17,drift,0.5,200,150,False,256,4470,7503,,1.6785
scircuit,170998,958936,8,0.25,17,drift,0.5,200,175,False,256,5638,9116,,1.6169
scircuit,170998,958936,8,0.25,17,drift,0.5,200,199,True,256,4602,7795,4602,1.6938
scircuit,170998,958936,8,0.25,117,drift,0.5,200,0,False,256,1545,3262,,2.1113
scircuit,170998,958936,8,0.25,117,drift,0.5,200,25,False,256,2330,5101,,2.1893
scircuit,170998,958936,8,0.25,117,drift,0.5,200,50,False,256,2086,4673,,2.2402
scircuit,170998,958936,8,0.25,117,drift,0.5,200,75,False,256,2138,4875,,2.2802
scircuit,170998,958936,8,0.25,117,drift,0.5,200,100,False,256,2367,4942,,2.0879
scircuit,170998,958936,8,0.25,117,drift,0.5,200,125,False,256,2287,5100,,2.23
scircuit,170998,958936,8,0.25,117,drift,0.5,200,150,False,256,2443,4980,,2.0385
scircuit,170998,958936,8,0.25,117,drift,0.5,200,175,False,256,2484,5602,,2.2552
scircuit,170998,958936,8,0.25,117,drift,0.5,200,199,True,256,2568,5433,2568,2.1157
scircuit,170998,958936,8,0.25,217,drift,0.5,200,0,False,256,3250,5647,,1.7375
scircuit,170998,958936,8,0.25,217,drift,0.5,200,25,False,256,2889,5670,,1.9626
scircuit,170998,958936,8,0.25,217,drift,0.5,200,50,False,256,3245,6259,,1.9288
scircuit,170998,958936,8,0.25,217,drift,0.5,200,75,False,256,3160,6278,,1.9867
scircuit,170998,958936,8,0.25,217,drift,0.5,200,100,False,256,3441,6280,,1.8251
scircuit,170998,958936,8,0.25,217,drift,0.5,200,125,False,256,3453,6254,,1.8112
scircuit,170998,958936,8,0.25,217,drift,0.5,200,150,False,256,3294,6362,,1.9314
scircuit,170998,958936,8,0.25,217,drift,0.5,200,175,False,256,3106,6128,,1.973
scircuit,170998,958936,8,0.25,217,drift,0.5,200,199,True,256,3465,6435,3465,1.8571
scircuit,170998,958936,8,0.002,17,jump,0.5,200,0,False,256,1855,3376,,1.8199
scircuit,170998,958936,8,0.002,17,jump,0.5,200,25,False,256,2331,3724,,1.5976
scircuit,170998,958936,8,0.002,17,jump,0.5,200,50,False,256,3050,4410,,1.4459
scircuit,170998,958936,8,0.002,17,jump,0.5,200,75,False,256,3648,4923,,1.3495
scircuit,170998,958936,8,0.002,17,jump,0.5,200,100,False,256,4016,5207,,1.2966
scircuit,170998,958936,8,0.002,17,jump,0.5,200,125,False,256,4330,5455,,1.2598
scircuit,170998,958936,8,0.002,17,jump,0.5,200,150,False,256,4427,5527,,1.2485
scircuit,170998,958936,8,0.002,17,jump,0.5,200,175,False,256,4656,5745,,1.2339
scircuit,170998,958936,8,0.002,17,jump,0.5,200,199,True,256,4897,5925,4897,1.2099
scircuit,170998,958936,8,0.002,117,jump,0.5,200,0,False,256,1545,3262,,2.1113
scircuit,170998,958936,8,0.002,117,jump,0.5,200,25,False,256,2159,3899,,1.8059
scircuit,170998,958936,8,0.002,117,jump,0.5,200,50,False,256,2631,4328,,1.645
scircuit,170998,958936,8,0.002,117,jump,0.5,200,75,False,256,3247,4798,,1.4777
scircuit,170998,958936,8,0.002,117,jump,0.5,200,100,False,256,3765,5333,,1.4165
scircuit,170998,958936,8,0.002,117,jump,0.5,200,125,False,256,4077,5582,,1.3691
scircuit,170998,958936,8,0.002,117,jump,0.5,200,150,False,256,4529,5940,,1.3115
scircuit,170998,958936,8,0.002,117,jump,0.5,200,175,False,256,4910,6162,,1.255
scircuit,170998,958936,8,0.002,117,jump,0.5,200,199,True,256,5051,6326,5051,1.2524
scircuit,170998,958936,8,0.002,217,jump,0.5,200,0,False,256,3250,5647,,1.7375
scircuit,170998,958936,8,0.002,217,jump,0.5,200,25,False,256,3664,5778,,1.577
scircuit,170998,958936,8,0.002,217,jump,0.5,200,50,False,256,4106,6011,,1.464
scircuit,170998,958936,8,0.002,217,jump,0.5,200,75,False,256,4687,6447,,1.3755
scircuit,170998,958936,8,0.002,217,jump,0.5,200,100,False,256,4992,6709,,1.344
scircuit,170998,958936,8,0.002,217,jump,0.5,200,125,False,256,5352,6895,,1.2883
scircuit,170998,958936,8,0.002,217,jump,0.5,200,150,False,256,5084,6257,,1.2307
scircuit,170998,958936,8,0.002,217,jump,0.5,200,175,False,256,5204,6289,,1.2085
scircuit,170998,958936,8,0.002,217,jump,0.5,200,199,True,256,5415,6495,5415,1.1994
scircuit,170998,958936,8,0.01,17,jump,0.5,200,0,False,256,1855,3376,,1.8199
scircuit,170998,958936,8,0.01,17,jump,0.5,200,25,False,256,3349,4789,,1.43
scircuit,170998,958936,8,0.01,17,jump,0.5,200,50,False,256,4527,5914,,1.3064
scircuit,170998,958936,8,0.01,17,jump,0.5,200,75,False,256,5250,6508,,1.2396
scircuit,170998,958936,8,0.01,17,jump,0.5,200,100,False,256,5372,6258,,1.1649
scircuit,170998,958936,8,0.01,17,jump,0.5,200,125,False,256,5640,6289,,1.1151
scircuit,170998,958936,8,0.01,17,jump,0.5,200,150,False,256,5894,6452,,1.0947
scircuit,170998,958936,8,0.01,17,jump,0.5,200,175,False,256,5960,6453,,1.0827
scircuit,170998,958936,8,0.01,17,jump,0.5,200,199,True,256,6235,6647,6235,1.0661
scircuit,170998,958936,8,0.01,117,jump,0.5,200,0,False,256,1545,3262,,2.1113
scircuit,170998,958936,8,0.01,117,jump,0.5,200,25,False,256,3508,5149,,1.4678
scircuit,170998,958936,8,0.01,117,jump,0.5,200,50,False,256,4723,6110,,1.2937
scircuit,170998,958936,8,0.01,117,jump,0.5,200,75,False,256,5240,6499,,1.2403
scircuit,170998,958936,8,0.01,117,jump,0.5,200,100,False,256,6050,6956,,1.1498
scircuit,170998,958936,8,0.01,117,jump,0.5,200,125,False,256,6156,6860,,1.1144
scircuit,170998,958936,8,0.01,117,jump,0.5,200,150,False,256,6298,6880,,1.0924
scircuit,170998,958936,8,0.01,117,jump,0.5,200,175,False,256,6564,7039,,1.0724
scircuit,170998,958936,8,0.01,117,jump,0.5,200,199,True,256,6707,7032,6707,1.0485
scircuit,170998,958936,8,0.01,217,jump,0.5,200,0,False,256,3250,5647,,1.7375
scircuit,170998,958936,8,0.01,217,jump,0.5,200,25,False,256,4960,6857,,1.3825
scircuit,170998,958936,8,0.01,217,jump,0.5,200,50,False,256,5581,7131,,1.2777
scircuit,170998,958936,8,0.01,217,jump,0.5,200,75,False,256,6491,7810,,1.2032
scircuit,170998,958936,8,0.01,217,jump,0.5,200,100,False,256,7080,8219,,1.1609
scircuit,170998,958936,8,0.01,217,jump,0.5,200,125,False,256,7499,8402,,1.1204
scircuit,170998,958936,8,0.01,217,jump,0.5,200,150,False,256,7359,8073,,1.097
scircuit,170998,958936,8,0.01,217,jump,0.5,200,175,False,256,7830,8478,,1.0828
scircuit,170998,958936,8,0.01,217,jump,0.5,200,199,True,256,7958,8425,7958,1.0587
scircuit,170998,958936,8,0.05,17,jump,0.5,200,0,False,256,1855,3376,,1.8199
scircuit,170998,958936,8,0.05,17,jump,0.5,200,25,False,256,5504,6195,,1.1255
scircuit,170998,958936,8,0.05,17,jump,0.5,200,50,False,256,6277,6548,,1.0432
scircuit,170998,958936,8,0.05,17,jump,0.5,200,75,False,256,6585,6844,,1.0393
scircuit,170998,958936,8,0.05,17,jump,0.5,200,100,False,256,6626,6797,,1.0258
scircuit,170998,958936,8,0.05,17,jump,0.5,200,125,False,256,6626,6762,,1.0205
scircuit,170998,958936,8,0.05,17,jump,0.5,200,150,False,256,6521,6620,,1.0152
scircuit,170998,958936,8,0.05,17,jump,0.5,200,175,False,256,6898,7069,,1.0248
scircuit,170998,958936,8,0.05,17,jump,0.5,200,199,True,256,6398,6563,6398,1.0258
scircuit,170998,958936,8,0.05,117,jump,0.5,200,0,False,256,1545,3262,,2.1113
scircuit,170998,958936,8,0.05,117,jump,0.5,200,25,False,256,5617,6655,,1.1848
scircuit,170998,958936,8,0.05,117,jump,0.5,200,50,False,256,6476,6789,,1.0483
scircuit,170998,958936,8,0.05,117,jump,0.5,200,75,False,256,6677,6926,,1.0373
scircuit,170998,958936,8,0.05,117,jump,0.5,200,100,False,256,6660,6809,,1.0224
scircuit,170998,958936,8,0.05,117,jump,0.5,200,125,False,256,6934,7090,,1.0225
scircuit,170998,958936,8,0.05,117,jump,0.5,200,150,False,256,6994,7147,,1.0219
scircuit,170998,958936,8,0.05,117,jump,0.5,200,175,False,256,7117,7326,,1.0294
scircuit,170998,958936,8,0.05,117,jump,0.5,200,199,True,256,6646,6778,6646,1.0199
scircuit,170998,958936,8,0.05,217,jump,0.5,200,0,False,256,3250,5647,,1.7375
scircuit,170998,958936,8,0.05,217,jump,0.5,200,25,False,256,6580,7395,,1.1239
scircuit,170998,958936,8,0.05,217,jump,0.5,200,50,False,256,6548,6754,,1.0315
scircuit,170998,958936,8,0.05,217,jump,0.5,200,75,False,256,6743,6878,,1.02
scircuit,170998,958936,8,0.05,217,jump,0.5,200,100,False,256,6669,6796,,1.019
scircuit,170998,958936,8,0.05,217,jump,0.5,200,125,False,256,6634,6821,,1.0282
scircuit,170998,958936,8,0.05,217,jump,0.5,200,150,False,256,6460,6627,,1.0259
scircuit,170998,958936,8,0.05,217,jump,0.5,200,175,False,256,6511,6687,,1.027
scircuit,170998,958936,8,0.05,217,jump,0.5,200,199,True,256,6484,6630,6484,1.0225
scircuit,170998,958936,8,0.25,17,jump,0.5,200,0,False,256,1855,3376,,1.8199
scircuit,170998,958936,8,0.25,17,jump,0.5,200,25,False,256,6789,6946,,1.0231
scircuit,170998,958936,8,0.25,17,jump,0.5,200,50,False,256,6715,6810,,1.0141
scircuit,170998,958936,8,0.25,17,jump,0.5,200,75,False,256,6586,6748,,1.0246
scircuit,170998,958936,8,0.25,17,jump,0.5,200,100,False,256,7087,7239,,1.0214
scircuit,170998,958936,8,0.25,17,jump,0.5,200,125,False,256,6501,6721,,1.0338
scircuit,170998,958936,8,0.25,17,jump,0.5,200,150,False,256,6538,6710,,1.0263
scircuit,170998,958936,8,0.25,17,jump,0.5,200,175,False,256,6939,7155,,1.0311
scircuit,170998,958936,8,0.25,17,jump,0.5,200,199,True,256,6213,6353,6213,1.0225
scircuit,170998,958936,8,0.25,117,jump,0.5,200,0,False,256,1545,3262,,2.1113
scircuit,170998,958936,8,0.25,117,jump,0.5,200,25,False,256,6594,6746,,1.0231
scircuit,170998,958936,8,0.25,117,jump,0.5,200,50,False,256,6775,6954,,1.0264
scircuit,170998,958936,8,0.25,117,jump,0.5,200,75,False,256,6472,6625,,1.0236
scircuit,170998,958936,8,0.25,117,jump,0.5,200,100,False,256,6143,6276,,1.0217
scircuit,170998,958936,8,0.25,117,jump,0.5,200,125,False,256,6572,6693,,1.0184
scircuit,170998,958936,8,0.25,117,jump,0.5,200,150,False,256,6848,6982,,1.0196
scircuit,170998,958936,8,0.25,117,jump,0.5,200,175,False,256,6603,6725,,1.0185
scircuit,170998,958936,8,0.25,117,jump,0.5,200,199,True,256,6905,7106,6905,1.0291
scircuit,170998,958936,8,0.25,217,jump,0.5,200,0,False,256,3250,5647,,1.7375
scircuit,170998,958936,8,0.25,217,jump,0.5,200,25,False,256,6649,6842,,1.029
scircuit,170998,958936,8,0.25,217,jump,0.5,200,50,False,256,6786,6984,,1.0292
scircuit,170998,958936,8,0.25,217,jump,0.5,200,75,False,256,6325,6460,,1.0213
scircuit,170998,958936,8,0.25,217,jump,0.5,200,100,False,256,6386,6544,,1.0247
scircuit,170998,958936,8,0.25,217,jump,0.5,200,125,False,256,6638,6796,,1.0238
scircuit,170998,958936,8,0.25,217,jump,0.5,200,150,False,256,7036,7249,,1.0303
scircuit,170998,958936,8,0.25,217,jump,0.5,200,175,False,256,7305,7563,,1.0353
scircuit,170998,958936,8,0.25,217,jump,0.5,200,199,True,256,6579,6712,6579,1.0202
