matrix,N,nnz,ordering,B,rho,seed,steps,dirty_cols,delta_csc_mean_ms,hst_vs_csc,delta_baseline_mean_ms,delta_baseline_rebuilds,hst_vs_delta_baseline,sup_mean_ms,sup_rebuilds,patchable_exec_vs_merged_exec,key_mean_ms,patchable_vs_per_block,patchable_vs_delta_baseline,patchable_splices,patchable_splice_rate,patchable_arena_ratio,patchable_dead_ratio,rows_patchable,rows_merged,rows_per_block,patchable_maxrelerr,rebuilds,rebuild_rate,cache_hit_rate,build_ms_total,build_share,cache_cap,maxrelerr,churn_model
TSOPF_RS_b39_c30,60098,1079986,native,1,0.0,17,200,256,0.294149,0.867,0.362158,1,0.991,0.514953,1,1.032,0.046508,1.123,1.112,0,0.0,1.0,0.0,30502,30502,62106,0.0,0,0.0,1.0,0.0,0.0,8,2.5574973092069397e-16,drift
TSOPF_RS_b39_c30,60098,1079986,native,8,0.0,17,200,256,1.613303,3.918,0.479483,1,0.939,0.60868,1,1.011,0.050288,1.272,1.194,0,0.0,1.0,0.0,30502,30502,62106,0.0,0,0.0,1.0,0.0,0.0,8,3.4799005362835824e-16,drift
TSOPF_RS_b39_c30,60098,1079986,native,16,0.0,17,200,256,2.851078,4.016,0.675193,1,0.836,0.756627,1,1.305,0.050975,1.47,1.228,0,0.0,1.0,0.0,30502,30502,62106,0.0,0,0.0,1.0,0.0,0.0,8,1.9687993927339242e-16,drift
bcspwr10,5300,21842,native,1,0.0,17,200,256,0.005076,0.053,0.011742,1,0.141,0.107658,1,1.082,0.052854,0.974,0.137,0,0.0,1.0,0.0,3622,3622,6298,0.0,0,0.0,1.0,0.0,0.0,8,3.361542787404036e-16,drift
bcspwr10,5300,21842,native,8,0.0,17,200,256,0.010699,0.102,0.013716,1,0.141,0.113356,1,1.075,0.054539,1.041,0.147,0,0.0,1.0,0.0,3622,3622,6298,0.0,0,0.0,1.0,0.0,0.0,8,2.052845881675336e-16,drift
bcspwr10,5300,21842,native,16,0.0,17,200,256,0.018281,0.153,0.015852,1,0.137,0.122351,1,1.054,0.056936,1.067,0.146,0,0.0,1.0,0.0,3622,3622,6298,0.0,0,0.0,1.0,0.0,0.0,8,1.8795534675468195e-16,drift
ct20stif,52329,2600295,native,1,0.0,17,200,256,0.017597,0.198,0.02958,1,0.319,0.184943,1,1.067,0.049666,1.136,0.362,0,0.0,1.0,0.0,1371,1371,5557,0.0,0,0.0,1.0,0.0,0.0,8,2.97672209005097e-16,drift
ct20stif,52329,2600295,native,8,0.0,17,200,256,0.073521,0.73,0.03776,1,0.37,0.208232,1,1.063,0.052776,1.095,0.405,0,0.0,1.0,0.0,1371,1371,5557,0.0,0,0.0,1.0,0.0,0.0,8,7.566626045264742e-16,drift
ct20stif,52329,2600295,native,16,0.0,17,200,256,0.14536,1.277,0.047453,1,0.406,0.257172,1,0.824,0.053125,0.977,0.397,0,0.0,1.0,0.0,1371,1371,5557,0.0,0,0.0,1.0,0.0,0.0,8,5.326837423183535e-16,drift
memplus,17758,99147,native,1,0.0,17,200,256,0.023178,0.255,0.040221,1,0.425,0.233166,1,0.973,0.050464,1.094,0.465,0,0.0,1.0,0.0,8170,8170,13904,0.0,0,0.0,1.0,0.0,0.0,8,4.1811942658081285e-16,drift
memplus,17758,99147,native,8,0.0,17,200,256,0.097094,0.809,0.048036,1,0.427,0.24978,1,1.191,0.050962,1.09,0.465,0,0.0,1.0,0.0,8170,8170,13904,0.0,0,0.0,1.0,0.0,0.0,8,7.231003387853949e-16,drift
memplus,17758,99147,native,16,0.0,17,200,256,0.222639,1.517,0.07299,1,0.472,0.291571,1,1.087,0.049736,1.176,0.555,0,0.0,1.0,0.0,8170,8170,13904,0.0,0,0.0,1.0,0.0,0.0,8,9.145181930583187e-16,drift
scircuit,170998,958936,native,1,0.0,17,200,256,0.007378,0.093,0.017275,1,0.222,0.199516,1,1.023,0.05311,1.057,0.235,0,0.0,1.0,0.0,1855,1855,3376,0.0,0,0.0,1.0,0.0,0.0,8,4.4334331495033703e-16,drift
scircuit,170998,958936,native,8,0.0,17,200,256,0.038191,0.36,0.038961,1,0.393,0.290851,1,1.009,0.065145,0.992,0.39,0,0.0,1.0,0.0,1855,1855,3376,0.0,0,0.0,1.0,0.0,0.0,8,3.5920441184378127e-16,drift
scircuit,170998,958936,native,16,0.0,17,200,256,0.058931,0.469,0.052946,1,0.487,0.328819,1,0.981,0.066697,0.907,0.441,0,0.0,1.0,0.0,1855,1855,3376,0.0,0,0.0,1.0,0.0,0.0,8,4.576133134304179e-16,drift
TSOPF_RS_b39_c30,60098,1079986,native,1,0.0,117,200,256,0.294374,0.875,0.358614,1,0.948,0.521428,1,1.027,0.04801,1.162,1.102,0,0.0,1.0,0.0,30502,30502,62106,0.0,0,0.0,1.0,0.0,0.0,8,2.3211822447273044e-16,drift
TSOPF_RS_b39_c30,60098,1079986,native,8,0.0,117,200,256,1.614722,4.003,0.492301,1,1.064,0.655509,1,1.01,0.048403,1.173,1.248,0,0.0,1.0,0.0,30502,30502,62106,0.0,0,0.0,1.0,0.0,0.0,8,3.44794979698102e-16,drift
TSOPF_RS_b39_c30,60098,1079986,native,16,0.0,117,200,256,2.845435,4.021,0.572626,1,0.848,0.875447,1,1.019,0.050905,0.982,0.832,0,0.0,1.0,0.0,30502,30502,62106,0.0,0,0.0,1.0,0.0,0.0,8,1.459694809132023e-16,drift
bcspwr10,5300,21842,native,1,0.0,117,200,256,0.004987,0.056,0.011956,1,0.151,0.100747,1,1.11,0.051078,0.996,0.15,0,0.0,1.0,0.0,3313,3313,5506,0.0,0,0.0,1.0,0.0,0.0,8,2.159354305634948e-16,drift
bcspwr10,5300,21842,native,8,0.0,117,200,256,0.01036,0.109,0.013551,1,0.148,0.106148,1,1.039,0.051798,1.068,0.158,0,0.0,1.0,0.0,3313,3313,5506,0.0,0,0.0,1.0,0.0,0.0,8,1.8564440055680864e-16,drift
bcspwr10,5300,21842,native,16,0.0,117,200,256,0.017423,0.16,0.015234,1,0.146,0.116062,1,1.045,0.056409,1.021,0.149,0,0.0,1.0,0.0,3313,3313,5506,0.0,0,0.0,1.0,0.0,0.0,8,3.155723201041572e-16,drift
ct20stif,52329,2600295,native,1,0.0,117,200,256,0.016284,0.198,0.027013,1,0.309,0.174259,1,1.056,0.048712,1.153,0.356,0,0.0,1.0,0.0,1146,1146,4766,0.0,0,0.0,1.0,0.0,0.0,8,5.800882484590996e-16,drift
ct20stif,52329,2600295,native,8,0.0,117,200,256,0.066023,0.711,0.035844,1,0.377,0.197135,1,1.086,0.051864,1.105,0.417,0,0.0,1.0,0.0,1146,1146,4766,0.0,0,0.0,1.0,0.0,0.0,8,7.942619320930471e-16,drift
ct20stif,52329,2600295,native,16,0.0,117,200,256,0.12952,1.117,0.052863,1,0.461,0.257792,1,1.155,0.056159,1.095,0.505,0,0.0,1.0,0.0,1146,1146,4766,0.0,0,0.0,1.0,0.0,0.0,8,6.873017675246907e-16,drift
memplus,17758,99147,native,1,0.0,117,200,256,0.008797,0.109,0.0198,1,0.232,0.212668,1,1.101,0.051634,1.178,0.273,0,0.0,1.0,0.0,2395,2395,5840,0.0,0,0.0,1.0,0.0,0.0,8,6.201028084989772e-16,drift
memplus,17758,99147,native,8,0.0,117,200,256,0.03109,0.354,0.024327,1,0.264,0.219845,1,1.063,0.05581,1.105,0.292,0,0.0,1.0,0.0,2395,2395,5840,0.0,0,0.0,1.0,0.0,0.0,8,3.2398002759299214e-16,drift
memplus,17758,99147,native,16,0.0,117,200,256,0.06466,0.657,0.031482,1,0.301,0.246936,1,1.065,0.053825,1.177,0.355,0,0.0,1.0,0.0,2395,2395,5840,0.0,0,0.0,1.0,0.0,0.0,8,6.199912215928888e-16,drift
scircuit,170998,958936,native,1,0.0,117,200,256,0.007164,0.088,0.017842,1,0.224,0.209859,1,0.971,0.054804,1.035,0.231,0,0.0,1.0,0.0,1545,1545,3262,0.0,0,0.0,1.0,0.0,0.0,8,2.185447486948304e-16,drift
scircuit,170998,958936,native,8,0.0,117,200,256,0.033086,0.309,0.037947,1,0.37,0.300743,1,1.074,0.065214,1.049,0.388,0,0.0,1.0,0.0,1545,1545,3262,0.0,0,0.0,1.0,0.0,0.0,8,1.9307405148037254e-16,drift
scircuit,170998,958936,native,16,0.0,117,200,256,0.051022,0.411,0.048024,1,0.427,0.3304,1,1.032,0.068062,0.974,0.416,0,0.0,1.0,0.0,1545,1545,3262,0.0,0,0.0,1.0,0.0,0.0,8,2.247700055132036e-16,drift
TSOPF_RS_b39_c30,60098,1079986,native,1,0.0,217,200,256,0.29693,0.886,0.356956,1,0.936,0.525898,1,1.028,0.047583,1.179,1.104,0,0.0,1.0,0.0,30502,30502,62106,0.0,0,0.0,1.0,0.0,0.0,8,2.161977380894729e-16,drift
TSOPF_RS_b39_c30,60098,1079986,native,8,0.0,217,200,256,1.602223,3.602,0.468812,1,1.019,0.606113,1,0.999,0.047277,1.049,1.069,0,0.0,1.0,0.0,30502,30502,62106,0.0,0,0.0,1.0,0.0,0.0,8,2.000129685254395e-16,drift
TSOPF_RS_b39_c30,60098,1079986,native,16,0.0,217,200,256,2.83395,3.993,0.575942,1,0.857,0.770025,1,1.012,0.051044,0.969,0.831,0,0.0,1.0,0.0,30502,30502,62106,0.0,0,0.0,1.0,0.0,0.0,8,2.3815126545726027e-16,drift
bcspwr10,5300,21842,native,1,0.0,217,200,256,0.004942,0.056,0.011542,1,0.149,0.099747,1,1.088,0.050362,0.98,0.146,0,0.0,1.0,0.0,3277,3277,5574,0.0,0,0.0,1.0,0.0,0.0,8,2.0638026717994268e-16,drift
bcspwr10,5300,21842,native,8,0.0,217,200,256,0.009782,0.103,0.012996,1,0.146,0.105057,1,1.084,0.050938,1.052,0.154,0,0.0,1.0,0.0,3277,3277,5574,0.0,0,0.0,1.0,0.0,0.0,8,2.6720637157955716e-16,drift
bcspwr10,5300,21842,native,16,0.0,217,200,256,0.016365,0.154,0.014702,1,0.143,0.113735,1,0.993,0.054314,1.012,0.145,0,0.0,1.0,0.0,3277,3277,5574,0.0,0,0.0,1.0,0.0,0.0,8,1.7999971413365665e-16,drift
ct20stif,52329,2600295,native,1,0.0,217,200,256,0.017735,0.193,0.031324,1,0.321,0.19052,1,1.049,0.050747,1.144,0.367,0,0.0,1.0,0.0,1513,1513,6109,0.0,0,0.0,1.0,0.0,0.0,8,6.711294472158448e-16,drift
ct20stif,52329,2600295,native,8,0.0,217,200,256,0.074492,0.721,0.038406,1,0.362,0.217761,1,1.032,0.051986,1.092,0.396,0,0.0,1.0,0.0,1513,1513,6109,0.0,0,0.0,1.0,0.0,0.0,8,4.929905510978127e-16,drift
ct20stif,52329,2600295,native,16,0.0,217,200,256,0.148216,1.237,0.052752,1,0.391,0.269032,1,1.047,0.054886,1.209,0.473,0,0.0,1.0,0.0,1513,1513,6109,0.0,0,0.0,1.0,0.0,0.0,8,3.874322167074724e-16,drift
memplus,17758,99147,native,1,0.0,217,200,256,0.02137,0.236,0.036738,1,0.39,0.225215,1,0.977,0.049946,1.099,0.429,0,0.0,1.0,0.0,8202,8202,14022,0.0,0,0.0,1.0,0.0,0.0,8,4.001065676669257e-16,drift
memplus,17758,99147,native,8,0.0,217,200,256,0.09133,0.769,0.04746,1,0.407,0.244766,1,1.299,0.050944,1.174,0.478,0,0.0,1.0,0.0,8202,8202,14022,0.0,0,0.0,1.0,0.0,0.0,8,5.251723242586403e-16,drift
memplus,17758,99147,native,16,0.0,217,200,256,0.219596,1.621,0.074546,1,0.503,0.278535,1,0.947,0.050783,1.108,0.558,0,0.0,1.0,0.0,8202,8202,14022,0.0,0,0.0,1.0,0.0,0.0,8,7.480135562741977e-16,drift
scircuit,170998,958936,native,1,0.0,217,200,256,0.009409,0.1,0.021436,1,0.235,0.240255,1,1.067,0.057243,1.046,0.246,0,0.0,1.0,0.0,3250,3250,5647,0.0,0,0.0,1.0,0.0,0.0,8,2.1422192730807818e-16,drift
scircuit,170998,958936,native,8,0.0,217,200,256,0.054287,0.425,0.044027,1,0.367,0.335022,1,1.069,0.067296,1.039,0.382,0,0.0,1.0,0.0,3250,3250,5647,0.0,0,0.0,1.0,0.0,0.0,8,1.7620204971701697e-16,drift
scircuit,170998,958936,native,16,0.0,217,200,256,0.083834,0.538,0.0603,1,0.427,0.381808,1,1.064,0.06882,1.003,0.428,0,0.0,1.0,0.0,3250,3250,5647,0.0,0,0.0,1.0,0.0,0.0,8,2.0101249881914137e-16,drift
